author_channel_id,author_name,n_comentarios,n_videos,grado
UC-HeUTT6_g-VoiWds2a4H-w,@JorgeMunoz-gd9et,1.0,1.0,31
UC-Iul5tDYH_oiAMXQH-KaaQ,@AlbertoMancilla-p9h,1.0,1.0,31
UC-QOpE7GOxlXcHZ8b7HbQKA,@mariaalexander427,2.0,1.0,17
UC-fiZBS5Gp1eCJd9ucgWnCg,@Tommii.10,1.0,1.0,48
UC-hfX8J5JPJ-dfuakzegMLA,@normaleticiaorozcojuarez2418,1.0,1.0,127
UC-jS_kA9w-OmpupXDx156Rg,@simoncreyesc7579,1.0,1.0,127
UC-pNP6RMFuLg_-x7Ah_0kEA,@almacatalan2717,1.0,1.0,127
UC094EFEmMSdwVa8NQjjYBXg,@CelestinoQuej-j7k,1.0,1.0,6
UC0HvfEWozTHbwl_iEmJNvVA,@OttoPalencia-b7r,1.0,1.0,31
UC0RpuMwkDKJYqgKHtsJRuWQ,@sabinamarinaguerra3248,1.0,1.0,24
UC0aEyakBPqcBkVJiErfSupQ,@jhonymanuel9891,1.0,1.0,24
UC14qlobYKqD-DO0j6b75lcA,@megavision4488,1.0,1.0,31
UC1DpqK6vaPEkBOMNvypsKYg,@HectorCarranza-u4j4o,1.0,1.0,48
UC1NiEdJ7gk6FlDexIalWnGg,@BorisTebalán,1.0,1.0,31
UC1WlJfQmaIskYhP4gmWoamw,@marthareiss5434,1.0,1.0,17
UC1Y7x3h0c95Z8kUhi-Tzaeg,@rosadiaz9235,1.0,1.0,18
UC1vr9aaMI2crB0NvwFHUeoQ,@JoseSimilox-p6e,1.0,1.0,127
UC2Y_EHWQKevubk4vOEBBFxw,@alfonsomorales2653,1.0,1.0,127
UC2ngpd8UBQu4gcUYy0goAtg,@juliohernandez7438,1.0,1.0,12
UC2weSE8rpqkGMOp6StYtVfg,@katerynsantiago2907,1.0,1.0,127
UC32oozucwCF3q8d4m8fyOUg,@RauldejesusOlivagonzalez,1.0,1.0,48
UC3E9mAgP7VoAE5mZoAexl5g,@EnnioAroche,1.0,1.0,127
UC3MYTqpQqlWBuCB7Th0e0PA,@isaaclopez7220,1.0,1.0,127
UC3NMzdMYryaw82kPTnsaljg,@marisosa7832,1.0,1.0,127
UC3UVO7pTbeYvZ3ILEyRDskQ,@rosaelenaargueta79,1.0,1.0,48
UC3XTwHxygNCgjndsg-UiCQA,@marioajset4283,3.0,1.0,127
UC3YpzAr7pcdKC7BVFEpYzog,@carmenfigueroa1232,1.0,1.0,31
UC3iIU62XKUOWuqL8BqBzj9A,@antonioduarte2288,1.0,1.0,6
UC3qn1yJA5PeW9rkGPatQxiw,@VICTOREST19,1.0,1.0,127
UC4Avya4kmR4Q0FrfFdBozSQ,@davidlima1348,1.0,1.0,48
UC4cXueR2bKGFJV0Fk76gwmA,@aluxdel4792,1.0,1.0,127
UC4kg7zuTfqQKLd2bkZrSYBA,@zoilagarcia9019,1.0,1.0,6
UC4wq3DcbfaG6dtCqn8Oyu3w,@hugoasencio7764,1.0,1.0,127
UC5H8ASmMC9WrURmzeB4ySog,@ManuelEdran,5.0,1.0,127
UC5PrBbmUlQolwqmiru7yZhw,@lazarochavez8269,1.0,1.0,6
UC5PyGvSfFM--OVKmQ3COu6g,@FreddyGmez,1.0,1.0,24
UC5bG9nc_JV3FsNP2KseQiYw,@giovannirodas4836,1.0,1.0,127
UC5fvhAfm89JH8eDFdvc0xYw,@isaidiaz2388,1.0,1.0,24
UC5hvEnRUzI4Kfvwnyi4QxqQ,@leonelsantizo5281,1.0,1.0,48
UC5wuDq3U3vRAhOQI3D7gNdw,@allanreneramirezgonzalez534,1.0,1.0,9
UC63tFvbQ_hJhGDi2nbjssjw,@AbigailRodas-w2r,1.0,1.0,31
UC650pRT-OYzny3GwOH8Cgfw,@edvinparedesherrera7632,1.0,1.0,127
UC6PvO1_k5lHKGdAPo5_C6TA,@johnmejia992,1.0,1.0,127
UC6Uj1FT5JjDSF8vudvDxPAA,@alfredoortega9264,1.0,1.0,48
UC6YSZqL0vEcI-niPKIMUGfw,@maxwellsales885,1.0,1.0,127
UC6xI_MOaxajIWpoP8BH6E_Q,@jahirdiaz5862,1.0,1.0,0
UC72gBAtyb_VXQlYDcFrh6oQ,@osmanmorales3012,3.0,1.0,127
UC7IMsCxfZyWN7YQo8-JYa6Q,@Burgos68,2.0,1.0,18
UC7VUuJr9cGh845CmTvf7TlQ,@LuisCastillo-oz4df,1.0,1.0,127
UC7dadZG7kkGYnsNu6td0FbA,@lesolorzano,1.0,1.0,48
UC816IGbFCZinfYS1LRDaaHg,@ingenieroar,1.0,1.0,48
UC8F2V63KZ4ZEay6opX2hAQw,@carmenr6311,1.0,1.0,127
UC8G5cJONY8L9voMyBW8Eoug,@luisparedes-pw6qt,1.0,1.0,127
UC8r11yOugM2NuRfitQOxLLg,@cesaraugustomoralesmonroy6907,1.0,1.0,127
UC8xlJWNHz1V_W6q3fbuQH8g,@NormaLópez-v7e,1.0,1.0,18
UC95PSMouTx2N5CbSq0hIyrQ,@lisss1908,1.0,1.0,48
UC9Wp6vL5oCU37qC3Aj94WZA,@ManuelSanchez-b8q2z,1.0,1.0,6
UC9vMq1YF-e7C-VO0SHkbUTA,@ErvinLeonardoCarreraLatín,4.0,1.0,127
UC9xr9QvIcDvoZNUX5f-jaZw,@MariaaliciaColonmorales,1.0,1.0,127
UCA93ym2TXs_Ibyxb4Vcn-6Q,@oswaldosolis8728,1.0,1.0,127
UCAKuKvcbfnBD3kF5njNu-IA,@melvinlopez7096,1.0,1.0,48
UCAV7QIjYhbDJaycQycM_0eQ,@mariavail8998,1.0,1.0,18
UCAlzM_N6xBlMYmM8EBzX86Q,@carlossoto3252,1.0,1.0,127
UCAmtbUiIrUIhikru0ZoTFig,@Aura-vf6dm,1.0,1.0,127
UCAxvOOHQk7dYPOajzFEVtbA,@ruddydepaz322,2.0,1.0,12
UCB5p8a5gklc80jJItP6xTHg,@ernestogamboa8737,1.0,1.0,127
UCBlm80VQ4YoV3bUJR_XhkaQ,@rosadiaz6945,2.0,1.0,17
UCBtB5dIyx-C16UN8ClUD2UA,@alexmonzon4257,1.0,1.0,6
UCCBYcToQ2dwkd6TJh0FSyDg,@lidiarodriguez3493,1.0,1.0,48
UCCUmP4PlbwgikVFpYwbtRTg,@alhvi,1.0,1.0,15
UCCaYwkkbQGcvFoUmothVdQQ,@OsvaldoAguirre-l3i,1.0,1.0,127
UCDIMztpVm7G27qBuiWuT6oQ,@lizardomorataya8274,1.0,1.0,127
UCDPWkUX3sNNaCx-m1dV4glA,@hectoroliva949,1.0,1.0,127
UCDQaQv0hr2SS_PO-CMEwVHg,@federicosaquimux1933,1.0,1.0,127
UCDUffaruH6dyUnUGwsTKpgg,@luisletona2842,1.0,1.0,127
UCDftMWXQoJ6nONfY7GVOVjg,@luisgpacheco5858,1.0,1.0,127
UCDlr1VadSucIZgZ171pRBjQ,@cuabatzjj5924,1.0,1.0,127
UCDrmf9y9nLgFY5wnA2hTuGA,@laboratorio5528,1.0,1.0,48
UCEHXl4VvvVpq-_4xC5tsbhg,@anibalg47,1.0,1.0,31
UCEgEQmRbtL5fwr9_DqAC--g,@ArielRodas-g5y,1.0,1.0,127
UCErZPJpHmLCsXs8ZWkAUupQ,@dorisl.garciaroche7763,1.0,1.0,127
UCFFrEmn6lPYiWyElpfzTy5Q,@denilsonlopez4083,1.0,1.0,6
UCFOxCyF926Y9eHhMeVoWLzw,@arielsarc09,1.0,1.0,24
UCFUuDARXdmmIrLppEqf-rFg,@allanmunoz7410,1.0,1.0,127
UCFhxtoeARHPnXXPcDrOU3Xg,@diegoalejandrolopezmendez205,1.0,1.0,127
UCFjudnPLoaSL1BaRuLahyHg,@HaroldoCastillo-rh9iw,3.0,1.0,127
UCFoIAE8k82D6AV-8gjjKaNg,@eddymunoz9789,1.0,1.0,127
UCFxE8GbokBrBsPEKM1xrOjQ,@JuanDavila-qd7qj,1.0,1.0,127
UCFybmWapGvBKcQod7cPPH9w,@vitalianochavez8382,1.0,1.0,31
UCGGHbtfbbe0o68etrOf0qxw,@karensussetteleonvargas9794,1.0,1.0,48
UCGX_UbAQOXGZknv5iqklwTA,@ronaldgarcia8522,1.0,1.0,18
UCGZMgmM92E3njyXNe9-kjAQ,@pasionpornada,1.0,1.0,17
UCGj2v6Gl5bN8NSrzJMXS-CA,@juliogutierrez492,1.0,1.0,5
UCGm3gRBEHGRJYmtCryZLtDw,@JoséLopez-g6k,1.0,1.0,6
UCGqKxQS-z3NZzZF-2w338AA,@samuelaguilar529,1.0,1.0,24
UCGzXwyCzMzGmjmCbH3Hg01Q,@FidelZacarias-ph7dy,1.0,1.0,127
UCHGd14aYuZZShLD73dkk6mg,@noemiherrera3152,1.0,1.0,2
UCHMQ_lDhibZ-XZ_3fo6oxwg,@crislexrubi4387,1.0,1.0,24
UCHTGCgY2l-DQJIvlA_cpa_Q,@virgiliogarcia3039,3.0,2.0,145
UCHbwIx9pmQuf7i-4_xO2EpA,@caminoseternos752,1.0,1.0,48
UCHhHUjaMAZ8SiXdCUCj9DkQ,@fredymendez1786,2.0,1.0,127
UCHu8x4MVkayU6VgwVKd--MQ,@Hernandez-i1o,1.0,1.0,6
UCIUhbSCy3-SGRe5UtqM4fzQ,@jeanmorales1677,1.0,1.0,24
UCIXLDYqR_syskKRJy_x9W9Q,@carlitosramirez4739,1.0,1.0,12
UCIgoiXdIKJyUGmUoH2Lxdzg,@susievidal4134,1.0,1.0,17
UCIp19h9igblA2YKfSLPDAug,@JoseReyes-rn6sh,1.0,1.0,24
UCJp3OrVYcBorC94sKwdch_A,@ULJoshmg2011,1.0,1.0,9
UCJxJC56BSAX-ArD0NAb9qnQ,@alfonsowilian9157,1.0,1.0,1
UCKDR0f2fu2UzWL8mBv5-BHw,@mireyamorales6595,1.0,1.0,127
UCKVzDUqbtdSMBcexaEtMmzQ,@rotorairgroup8409,1.0,1.0,3
UCL13XhnRzbGokEkCkEOb0-g,@raquelprado3643,2.0,1.0,127
UCL1MT278vSaQ83ZDkVWn1gw,@elmorodriguez6978,1.0,1.0,127
UCLFdHr9BEbXHkoJopbEPLZw,@kanterra4584,2.0,1.0,127
UCLXYp1Cvc5DLtq5UQL5D9vw,@jorgecifuentes-m5g,1.0,1.0,12
UCLggDc_a5HriXv7I1h02sOA,@guillermogonzalez5153,2.0,1.0,127
UCLh1Kde4_vI1sTZBkTNP7RQ,@JoelReynoso-d4r,1.0,1.0,6
UCN2N_wYOw6fMwCeSzdXLPIw,@danielantoniogonzalezflore4901,1.0,1.0,18
UCN6qbfPSzFtjhqUDZ3Cv3CQ,@carlosmedranovelasquez6380,1.0,1.0,127
UCNBnKqWf4d-rS4HwJRQljmQ,@LE_A22,2.0,1.0,127
UCNIeXbV_mEwpa412h1aqUWw,@juandeleon9060,3.0,1.0,18
UCNiMNUJvaRJb0_QLClqwVnA,@Santiago.Nolasco,1.0,1.0,3
UCNkcuy42zEwddwEcOd_HpnA,@vanigomez492,1.0,1.0,127
UCNpt5CQlTzNjlAKY6CJtClQ,@eustaquiogomez9975,1.0,1.0,48
UCO0zwwLWGyDgQmWPJ5Qrr1w,@elsalvador3605,1.0,1.0,12
UCOARn3hnfkB7-_Rwa8Hoqcw,@nicelol5241,1.0,1.0,5
UCOLGv5Pf6BF2wFcwUzgcvHg,@welfrealdana5559,2.0,1.0,127
UCOLHH4ZpMxPYF-Q6e6wvn5A,@luisroldan7374,1.0,1.0,17
UCOS8ViEkccrTZx2w2ccxotA,@OscarHernandez-q8y,1.0,1.0,127
UCOY3XpD9qMCRSA8AA8c4CAw,@franciscorodas9686,1.0,1.0,15
UCOcUI5XkTYNMSFhZNMIPpGg,@hendersonlopez3864,1.0,1.0,48
UCOh6DaZC_x9HASnlRylEMfw,@AndresMedina-v1s,1.0,1.0,127
UCPLW0HE3siElqCgXfgWxMqg,@elizabethmonterroso7719,1.0,1.0,0
UCPNXmbOBVeC4HS-xemvcPtQ,@BelkisRodriguezRamirez,1.0,1.0,17
UCPZueDLrCS4BmTBRMA4q0fA,@kevinochoa3695,1.0,1.0,18
UCQIdKuZ-OzuFqy0KjGrgesg,@lyacausa,1.0,1.0,2
UCQM2tCKRRytVDRxNUfCDqQQ,@elioelias7267,1.0,1.0,0
UCQMMuADgqWUOcJpLwHOzC-g,@Ripped-Yoda,1.0,1.0,17
UCQ_-LPP8JAbfkc-b1Q6NvWw,@MegaKristenstewart,2.0,1.0,127
UCQgYjVngJRfPHDLGB5X6ZjA,@oscarnavas9996,1.0,1.0,127
UCQqetiwzzmRNTM5OWuXarGQ,@isaiaslopezvelasquez1539,1.0,1.0,127
UCQqlPPUGqAfWjd-FSh_qn7Q,@estuardoargueta137,1.0,1.0,48
UCQtICyzWmhC5woCtbNgaSmg,@nestormendez6216,2.0,1.0,127
UCQtSFINs1h6GHkpg9o5kMvg,@MacarioMartinezruiz,1.0,1.0,127
UCQyOePccUP-fIJYzchAgZYw,@aguilar4254,1.0,1.0,48
UCRAquv8el-tQ30bN7MlmySQ,@iamjimalesssa,1.0,1.0,48
UCRETAiYdh2dL5ZxB0_N1zDA,@Joseroland21,1.0,1.0,127
UCRcSR3Lvn9DZAmJpVPANfZQ,@WalksandSuch,1.0,1.0,24
UCRelkU8JiZBytTzebJxaa-w,@danyraymundo2942,1.0,1.0,127
UCRfkkatKrNtAARnXMMYBGlA,@BernerSoza-mg3vx,1.0,1.0,31
UCRlCV9zSn7avAWh-9_XFWqQ,@ronyarana8849,1.0,1.0,127
UCRvPToDkkumha7WJAfCDk1A,@ligiaguerra3057,1.0,1.0,48
UCRznz9-N3Qc1w-qNdLSIY2Q,@jimmygomez724,1.0,1.0,24
UCSTAUWVc1_82DHYeqOsqEFA,@TheAlexX_C,1.0,1.0,24
UCSou6a2OuYGSvPjm5psquyA,@FranciscoRivera-sf7ne,1.0,1.0,127
UCTD6q1nyIe3Y7HhqjaMj72w,@JuanChang-r6k,1.0,1.0,127
UCTP3O0rMnc8z8v8jaDQwL0w,@RobertoZelaya-x1v,1.0,1.0,127
UCTTILH6QCIxbTnEWxwRqs1g,@3762Jorge,1.0,1.0,15
UCThW2XNsAaBKme5PUt7n-Zg,@thelmamoran8565,1.0,1.0,127
UCTwSut16JyAg3mX6LVUNGqA,@SuperVictor2005,1.0,1.0,127
UCTylKrsqkrBKIqubMu_5N0Q,@edwingeovanymarroquinmarro6684,1.0,1.0,127
UCUIIIPTVDVHAXqhC_5V6lPA,@gorrarota,1.0,1.0,127
UCUoYsrx1oZnCZ0usbBJn4fA,@AnaDiaz-re9sq,1.0,1.0,48
UCV0iizTBoOfdAFX_thfI9BA,@BenjaminLarios-jd8nk,1.0,1.0,127
UCV0lM03g5fg5pbPj97-sAtA,@genarodelgado3929,1.0,1.0,48
UCV3fr-YOixFKCZBbJP1-X4w,@albertoshernandez5251,5.0,1.0,31
UCVC2QugcI1G4RvlCiUqd1aQ,@rwdm76,2.0,1.0,9
UCVQf0tzL7xRzFJsABVVULpg,@DennisseLopetegi,1.0,1.0,18
UCVdjCrh4tQoX3haNAZv-n5A,@aurahernandez5646,1.0,1.0,17
UCVhif9eV0f8plICen2DnpKA,@blogarteplus,1.0,1.0,5
UCW-JC6lebVmf2P1dmY_L94g,@dinoraoroxon5771,1.0,1.0,48
UCW80DaMjQlEUibC98Cot-Dg,@rogeraldana4289,1.0,1.0,48
UCWIZUtKJ636y-4TYrNvok0g,@cesarandreas7824,1.0,1.0,127
UCWWkebAekppaL5b5CNlppuw,@ninettmartinez425,1.0,1.0,2
UCWaRixDdpgllTBf4V0jPnKQ,@hectormaaz5523,2.0,1.0,31
UCWoAVGVqCn4xtINCMOTM4jg,@OmarMartinez-vv8re,1.0,1.0,48
UCWvntqPQx99k_Z_skWKqNSA,@AntonioChiyal-x5s,1.0,1.0,31
UCXN2s7DwTJm33xO-pNkAdaA,@edithsan7688,1.0,1.0,12
UCXO1BBohNWXkK9SBDAG2ySg,@JBFlute92,1.0,1.0,15
UCXSkL3ejZ8qWYyF_M7s_QKA,@JacintaTzoy,1.0,1.0,127
UCXVLc8CmAO813ubM-fLvCDw,@herminiasaquimux7565,1.0,1.0,15
UCXXh7yg5KUFIWylTiKVEFKQ,@MrDuenderojo,2.0,1.0,127
UCXgr7vXlRrsaskPdo097kGA,@Rogergh-nw4oj,1.0,1.0,127
UCXl30Y_upRqbti52fmjK4YA,@capitanfrans,1.0,1.0,15
UCXmrpc6Li0spcKxtS0Q_ptg,@melvinperez6710,1.0,1.0,24
UCXr8_5WtGeipe4haOoQDgyQ,@amyherrera7352,1.0,1.0,127
UCY7Hq7F9Lnucf-Yr6JkHZNw,@maynorcalel1442,1.0,1.0,24
UCYN4wSQ1Sx4_LurxLlW7MPg,@belarminavillatoro6474,1.0,1.0,127
UCYwpX26TrCxq8TvbKGRYLXA,@beneficioelcaminovillacana8540,1.0,1.0,127
UCZ51R_9Q9C0c8I3pAWhtmjQ,@belvettzapeta1251,1.0,1.0,127
UCZFQwqh90apuL8eFhvRBkUg,@luisricardo9671,1.0,1.0,31
UCZIQnb1fkwe39Iw2TAu-bGA,@jorgegomez2237,1.0,1.0,5
UCZLG9qH0tUjNhEGFIUt0CYw,@SoniaMarroquin-y6e,1.0,1.0,127
UCZOmq6MwFDVoCaEl99BRRaw,@daniloarevalo3170,1.0,1.0,9
UCZeIIQrGAedW8tCbKWmGY-A,@mariocordon8873,1.0,1.0,48
UCZjm6U576nX8WOiLhmMR3bw,@MariaNavarroYT,1.0,1.0,17
UC_3xuTXvMIWU5MYP9HkJ3vQ,@Historia-wm4os,1.0,1.0,12
UC_6KbBY1bsYXz9fwFS0eQRg,@imrcp5694,1.0,1.0,9
UC_LYoGs5C3mbZKZuKuqYCvw,@javiercifuentesarchila6041,1.0,1.0,48
UC_NRVt2UP88ZNTwzrZ66JSg,@aditalissethevasquezrojas8039,1.0,1.0,0
UC_ljZ1hZXR9pzexFz87P5ZA,@ChRiStOpHeR7969,1.0,1.0,24
UCa36MjQLoPAmgJo-R3G8WQA,@elsasalguero6914,1.0,1.0,31
UCaKAjTW9MVub_clgr4DRYjQ,@josecastillo4390,1.0,1.0,48
UCaT4saRcyqCLE657Rq2hhZQ,@elmilenial4064,1.0,1.0,31
UCaT6M2zp7X6r6Whd8Vv3kHQ,@alexarcos8349,1.0,1.0,24
UCat2qkYvqmtDNEmo2PVuhXw,@DoraSalas-j5o,1.0,1.0,17
UCbNanjFI51cwGqMAb2rOrBw,@RosaMontesdeOca777,1.0,1.0,17
UCbYoNG5J3Au5BqtbXogfEFw,@Luis-gn3fj,1.0,1.0,18
UCbrtvygfRT6QXqWDNrOf-cA,@Alejandro00710,2.0,2.0,23
UCcFIBN-rtC3d3hXeuN5TfWw,@DenisRMC,1.0,1.0,15
UCc_F88PzGWtA1OPNUEASulA,@rockyscarlet,1.0,1.0,15
UCcfdg8crmMJwEuLUsAhV7yg,@RolandoRaguay,1.0,1.0,127
UCdFlugHJJa4l3YqWuNRmvXw,@MarcosCarillo-b1r,2.0,2.0,54
UCdQAuWwyC99MB7Y02Umj26Q,@miguelbran1268,1.0,1.0,15
UCe8JZoYkX5oKUZyivHYdXhw,@FernandoGarcia-jg1fj,1.0,1.0,48
UCeDNEtI8_a42bZ47wJiJMwQ,@EdgarcalderonCalderong,1.0,1.0,48
UCeQk-WfEA-cJRq4EKeE7TOw,@franciscojuarez9223,1.0,1.0,31
UCefAH1MbvADWUjE9WVcB9EQ,@jabriz8152,1.0,1.0,15
UCf5lnNZF7Qrtli9v4N_23WQ,@CarlosCortez-v5r,1.0,1.0,18
UCfM3nrxtTQMY5jFx1v1J4Gg,@edgarroldan5539,1.0,1.0,127
UCfRqgt2O-vjzUDMZY_tnxQw,@Williams-Garcia67E,1.0,1.0,6
UCfXykdbSU97rj987LDUGfvg,@MariaSantos-c8y3h,1.0,1.0,12
UCfjhejO7LZy4doXURa7LZCQ,@HonwayLee-z5g,1.0,1.0,12
UCfo_yUPzy1f1POwwZxhZ06Q,@lara11roberto,1.0,1.0,31
UCg3eIfd7BrsLEqS0BLkftHA,@ErmePérez-q4s,3.0,1.0,18
UCgGqw4aqMdMVSGkKiMgrJRQ,@pattyfigueroa5609,1.0,1.0,31
UCgJNFj5dnxXpcMvmuhZDPxA,@NataliaRodriguez-rx5mr,1.0,1.0,48
UCgLrWFdYitoP-b7-PxtUr-w,@zetag,1.0,1.0,24
UCgLurCo-e019HGODcjXHWCw,@perritojuega1,1.0,1.0,24
UCgQJgI9vu1FI2dnC9mrFthw,@srms70,1.0,1.0,18
UCgQw_Sbq3ugruDUKsq1e0-A,@marlenareano-h4t,1.0,1.0,48
UCgvw7xIdGFupzpt1Y_BFkEA,@fredygarcia9151,1.0,1.0,127
UCh5ESQvtzyHDhCA7XyekCFA,@andyB5280,3.0,1.0,127
UChT7pzGytNd92Nmvi-zuWog,@sparkvalkov,1.0,1.0,15
UChZknRmJkeGeQk0-mQuhDOg,@OdilioRodríguez-c5w,1.0,1.0,127
UCheEJ5GZuIvV0fj-nXyVwXw,@rosaoliva9389,1.0,1.0,31
UChep9kVb5gQmpodEEl10Xlg,@carlosaguilar-kz7ml,1.0,1.0,127
UChgkn5Jt5tWKYMoEOuCjz3Q,@pablochitay46,1.0,1.0,127
UChs3tU2BcKOT0CezykvAsGw,@byronpontaza,3.0,1.0,127
UChyps3dqY-VY1_wLeq-2lhw,@maydamorales4395,1.0,1.0,31
UCi-vPdnpQreC7BkFs40mJGA,@bryansicasales4280,1.0,1.0,24
UCi1b_TRQfgO1Z9O2gNGGWNA,@davidisraelesquitsaquil,2.0,1.0,127
UCi2KiZq63sRq8Mfbcp-MelQ,@eugeneramirez4405,6.0,1.0,17
UCiC-Jn7wdgyQV4_Urk0DkWQ,@pedroros6358,1.0,1.0,48
UCiGRBf2RNF0WRKhRVT7zFoA,@edwinavila4876,1.0,1.0,127
UCiMythXHsw7eQEMykCdmMUA,@JavierBecerra-h6x,1.0,1.0,127
UCiOZX__1gahg1ypIj0_XG_w,@mariogonzalezorellana8956,1.0,1.0,31
UCipetjeiWj4CZB6EbyYziZg,@OseasSamayoa-ol5rz,1.0,1.0,127
UCj-LL25XJnjxepPKCc3NGog,@anaaguirre8985,1.0,1.0,127
UCjJf-AJKRFFWtiN-CSwkDmA,@2jose82,1.0,1.0,9
UCjSKM9j0Q7HLDr1hD6D-TUw,@josehidalgo4875,1.0,1.0,127
UCjZgFEowMBrsjodqfovzdKw,@franciscoflores3120,2.0,2.0,43
UCjmPuazZJzscrwvk0QR9RVw,@mynorrodas8591,1.0,1.0,127
UCk4O-J1BhoqPmig1KLGJePA,@lazarobarillas3575,1.0,1.0,6
UCkVtmkK07b2zaVVNssX4lOg,@HectorElias-u2l,1.0,1.0,48
UCkbsS_3D-pvg1iHOld9uvIg,@gonzalo6075,1.0,1.0,48
UCkd9W714-947dEE6ZOEBATA,@ARGELIATELON,2.0,1.0,127
UCkxdJ_yGN2gghOMo2ybQtXQ,@11223344An,1.0,1.0,15
UCl0ekS9Tt0jJGtOEM18S63w,@monkchapin,1.0,1.0,127
UCld2stqxaVSk0QdGncM224A,@sarahernandez3873,1.0,1.0,3
UClhMWQ7XKWywYvbRnuf8QsA,@EcPerez-zz9oh,1.0,1.0,48
UCljDbleJul41G1TzOjOZAVA,@hectorcarranza3777,1.0,1.0,127
UClqA491Xa5fQcXcJJa-vTWw,@AndresLemus-k2d,1.0,1.0,48
UClsrFGJKWPxxw7MiaEdKLXw,@ericapaz5406,1.0,1.0,18
UCmjppp6ujz3SAnULvP3sZMw,@marcomendez7509,1.0,1.0,127
UCmvOgzmmXbjUthHy-WJ52hQ,@mariorodas593,1.0,1.0,127
UCnU8wO1OurAmGstDw6VGjgQ,@cmorera21,1.0,1.0,9
UCoGdCoJg2Lh0OX_jv6cG16g,@Israel-u5i7i,2.0,1.0,31
UColMq7LmaoY3MT6aIDGrGvA,@quijotachapina1,1.0,1.0,48
UCozFYHN0e_-vlQbX3wQGOug,@jesusguzman2321,1.0,1.0,17
UCp29O_C7cchZV8IxV7Crdag,@robertoescobar5507,2.0,1.0,31
UCp4iw5_5SmV9VGTFSNVGOmQ,@CARLOSSTREMS51,1.0,1.0,127
UCpIdtvoFHVLGASGB5ySqIEA,@VidalVillatoro-p4w,1.0,1.0,127
UCp_dAUfv8i3LW3zWc24dLaQ,@MarioCortez-o6v,1.0,1.0,17
UCpe5jW3MIqkgTJ-PgkzvM6Q,@carloslam5333,1.0,1.0,48
UCpl8rF8uv_8uui-QRvuJaRA,@SergioGarcia-z9c,1.0,1.0,127
UCplrIQtaPj6au60_f2-mOYw,@romeolopezherrarte799,1.0,1.0,127
UCpsKOkt5iWTbenzeuq7dsmQ,@inge_vergueta,3.0,3.0,183
UCq3mDTTRZnUybct5M9OSXbg,@MacoMorales-i2i2d,1.0,1.0,12
UCqCrvuoJpC-aVb0f4logQRQ,@Lyrics_GT,1.0,1.0,48
UCqilIa8r7iek5sGYg_q6ofA,@rolandojuchuna484,1.0,1.0,24
UCql1n3Ey6ULMSOACjMe-fxQ,@RolandoGonzalez-o7g,1.0,1.0,31
UCr1emrogPKkKTs_WTtx71xg,@domingopeneleu6457,1.0,1.0,127
UCrJn_rbo_ENAdeqneS-RmRw,@josecarrera9623,2.0,1.0,127
UCrqXyRsg-_hTosURZ-uvoKg,@flornolberto2425,1.0,1.0,17
UCsGoJEvb-cFPZ2rWoJcXzEQ,@sergiohinestroza9709,1.0,1.0,48
UCsJJAvrVGupdmhOqgtDp8dg,@nestorlorenzana1168,1.0,1.0,127
UCsSXdJct-nsS8DsABoEsaYA,@IvánPérez-j4j,1.0,1.0,127
UCsUCN0Yq_UyTvKjOJLmNrnQ,@moisesvaldez4043,2.0,2.0,133
UCs_5qeqdku9tGAq22y3OcuQ,@alexandrevasquez4135,1.0,1.0,24
UCsjs5Hp_r86x1xbK6FAeqaA,@alvaroesquivel563,1.0,1.0,127
UCtCtts20bW6F9CSohau51Iw,@carlosgranados9875,2.0,1.0,31
UCtMBF_1O2jY2INlb_luuB_A,@mynorgudiel8646,1.0,1.0,24
UCtNfIBnc5S5DbbQj_yxgJTw,@JosueRamirez-ey3ih,1.0,1.0,127
UCtNyHmRZtvGF2hSvI2dUBWw,@aureliomaldonado4793,2.0,1.0,18
UCtUR3_CAiE7fCoZHM6cMfyQ,@mdelcid01,1.0,1.0,127
UCtiHFjFu7d5v2XxHnKFUYig,@Paul-gf7ec,1.0,1.0,17
UCtowGNY2lnlg6O2CkwDgkLg,@taniagabrielacelis8434,1.0,1.0,3
UCtsxPYw8VUsH_FfnKg-0lmw,@AlejandroPérez-b6r,1.0,1.0,31
UCu8_3-Wg-YzNyvHYQDEscfw,@RolandoCastroPérez-d7y,1.0,1.0,48
UCuP4UK33HKtJE_S39ksmaTw,@herbertaguilar1387,1.0,1.0,18
UCuXmOjxC-htcprLgeVXz6Tg,@jorgeaguilar-bq3uj,1.0,1.0,48
UCueV9cTyTDwgQSec1x2dYgA,@fredydomingo7062,1.0,1.0,127
UCujPF2nBgsTD62nWE3lcpIg,@victorarturoruanobautista7588,1.0,1.0,127
UCusjriFsDHEc2AOjqk-p5ig,@pablobarrios7931,1.0,1.0,18
UCut6b9S98nv84cVX89PmKzA,@yeniferaguirre4498,2.0,1.0,127
UCvApqeCbLod-wejtT4CcVuA,@davidgaher9550,1.0,1.0,127
UCvDwJBBY1mHK70aTEYl6rsA,@cristianescobedo8296,1.0,1.0,31
UCvcu1kR8xMYy_I1Ty-2mV2Q,@hashojea7348,4.0,3.0,28
UCvl1tzQeBeGy6efPTRJXSCw,@RaulPerez-cw2vi,1.0,1.0,12
UCwCfs-2zbD5k0lG-UVg_JBw,@JessicaHuaz-96,1.0,1.0,12
UCwEe1RKlEv1UpNWmWYfSh4w,@marioramirez299,1.0,1.0,15
UCwO2SXr0ggzwg6QWWrr01nQ,@ricardofigueroa5720,1.0,1.0,127
UCwUAv3_LpWVtTIi7lkmTL7A,@kingr4706,1.0,1.0,24
UCwW2OFy95P7ZBkOPxWkpvYg,@TeresaLucero-b5o,2.0,1.0,127
UCwgCc9Jd_gG-uLE_SY-FfPg,@armindapenados2841,1.0,1.0,48
UCwha8rxULYMVtNwZWeSkE1A,@mariasamo8637,1.0,1.0,127
UCwjUvRseNtJoItylIyIez7Q,@Silviazea,1.0,1.0,48
UCwxoKK59nGCeBqB2sXfDBIw,@vic-bonivideos,1.0,1.0,31
UCxKR3RA8T-kxMgq_2WWhRcQ,@elenaluarca9377,1.0,1.0,24
UCxcoDvP-g2_KTZDmVZtvb3w,@angelmartinez9523,1.0,1.0,15
UCxff05WuyvwELNITi7bj7UA,@markoherrera,1.0,1.0,127
UCxhtlxPV8AYWaNNyU6S9H8Q,@WilR-s8r,1.0,1.0,17
UCyJhqmMbsvjpoarBBStA2kg,@Murmullodelbarrio,6.0,1.0,31
UCySYJU5kUh7X8gVt9la2ISA,@dantesarti4351,1.0,1.0,127
UCyW68EGZey4ao_Vf2cR5Ztg,@ZabalaXabier,1.0,1.0,5
UCylqlpsh8ENNM1LqgQ1KbxA,@Jel.Awesh.M,3.0,2.0,174
UCyor0Mmm0ivLX2jIdyGp84Q,@MiguelJordan-n3g,1.0,1.0,1
UCyzf29IYjNw67gGIfsjgtxA,@carlosoliva9249,1.0,1.0,24
UCz3gu01bmjNv0DpRq-K3XYg,@eusebiovasquez4385,2.0,1.0,127
UCzSfZlOVxBSs5ObD25ywxDQ,@GilmarMaldonado-q9m,1.0,1.0,127
UCzZ6dDCEsLMXbc5pCFXIprw,@josegil3813,2.0,2.0,49
UCzoL2l5H5eVlorWGH8AZfAg,@jor77cas,1.0,1.0,127
