author_channel_id,community_id,community_size,grado_aa,author_name,n_comentarios,n_videos
UC-HeUTT6_g-VoiWds2a4H-w,2,61,31,@JorgeMunoz-gd9et,1.0,1.0
UC-Iul5tDYH_oiAMXQH-KaaQ,2,61,31,@AlbertoMancilla-p9h,1.0,1.0
UC-QOpE7GOxlXcHZ8b7HbQKA,6,18,17,@mariaalexander427,2.0,1.0
UC-fiZBS5Gp1eCJd9ucgWnCg,3,55,48,@Tommii.10,1.0,1.0
UC-hfX8J5JPJ-dfuakzegMLA,1,126,127,@normaleticiaorozcojuarez2418,1.0,1.0
UC-jS_kA9w-OmpupXDx156Rg,1,126,127,@simoncreyesc7579,1.0,1.0
UC-pNP6RMFuLg_-x7Ah_0kEA,1,126,127,@almacatalan2717,1.0,1.0
UC094EFEmMSdwVa8NQjjYBXg,7,6,6,@CelestinoQuej-j7k,1.0,1.0
UC0HvfEWozTHbwl_iEmJNvVA,2,61,31,@OttoPalencia-b7r,1.0,1.0
UC0RpuMwkDKJYqgKHtsJRuWQ,5,25,24,@sabinamarinaguerra3248,1.0,1.0
UC0aEyakBPqcBkVJiErfSupQ,5,25,24,@jhonymanuel9891,1.0,1.0
UC14qlobYKqD-DO0j6b75lcA,2,61,31,@megavision4488,1.0,1.0
UC1DpqK6vaPEkBOMNvypsKYg,3,55,48,@HectorCarranza-u4j4o,1.0,1.0
UC1NiEdJ7gk6FlDexIalWnGg,2,61,31,@BorisTebalán,1.0,1.0
UC1WlJfQmaIskYhP4gmWoamw,6,18,17,@marthareiss5434,1.0,1.0
UC1Y7x3h0c95Z8kUhi-Tzaeg,2,61,18,@rosadiaz9235,1.0,1.0
UC1vr9aaMI2crB0NvwFHUeoQ,1,126,127,@JoseSimilox-p6e,1.0,1.0
UC2Y_EHWQKevubk4vOEBBFxw,1,126,127,@alfonsomorales2653,1.0,1.0
UC2ngpd8UBQu4gcUYy0goAtg,2,61,12,@juliohernandez7438,1.0,1.0
UC2weSE8rpqkGMOp6StYtVfg,1,126,127,@katerynsantiago2907,1.0,1.0
UC32oozucwCF3q8d4m8fyOUg,3,55,48,@RauldejesusOlivagonzalez,1.0,1.0
UC3E9mAgP7VoAE5mZoAexl5g,1,126,127,@EnnioAroche,1.0,1.0
UC3MYTqpQqlWBuCB7Th0e0PA,1,126,127,@isaaclopez7220,1.0,1.0
UC3NMzdMYryaw82kPTnsaljg,1,126,127,@marisosa7832,1.0,1.0
UC3UVO7pTbeYvZ3ILEyRDskQ,3,55,48,@rosaelenaargueta79,1.0,1.0
UC3XTwHxygNCgjndsg-UiCQA,1,126,127,@marioajset4283,3.0,1.0
UC3YpzAr7pcdKC7BVFEpYzog,2,61,31,@carmenfigueroa1232,1.0,1.0
UC3iIU62XKUOWuqL8BqBzj9A,7,6,6,@antonioduarte2288,1.0,1.0
UC3qn1yJA5PeW9rkGPatQxiw,1,126,127,@VICTOREST19,1.0,1.0
UC4Avya4kmR4Q0FrfFdBozSQ,3,55,48,@davidlima1348,1.0,1.0
UC4cXueR2bKGFJV0Fk76gwmA,1,126,127,@aluxdel4792,1.0,1.0
UC4kg7zuTfqQKLd2bkZrSYBA,3,55,6,@zoilagarcia9019,1.0,1.0
UC4wq3DcbfaG6dtCqn8Oyu3w,1,126,127,@hugoasencio7764,1.0,1.0
UC5H8ASmMC9WrURmzeB4ySog,1,126,127,@ManuelEdran,5.0,1.0
UC5PrBbmUlQolwqmiru7yZhw,7,6,6,@lazarochavez8269,1.0,1.0
UC5PyGvSfFM--OVKmQ3COu6g,5,25,24,@FreddyGmez,1.0,1.0
UC5bG9nc_JV3FsNP2KseQiYw,1,126,127,@giovannirodas4836,1.0,1.0
UC5fvhAfm89JH8eDFdvc0xYw,5,25,24,@isaidiaz2388,1.0,1.0
UC5hvEnRUzI4Kfvwnyi4QxqQ,3,55,48,@leonelsantizo5281,1.0,1.0
UC5wuDq3U3vRAhOQI3D7gNdw,4,28,9,@allanreneramirezgonzalez534,1.0,1.0
UC63tFvbQ_hJhGDi2nbjssjw,2,61,31,@AbigailRodas-w2r,1.0,1.0
UC650pRT-OYzny3GwOH8Cgfw,1,126,127,@edvinparedesherrera7632,1.0,1.0
UC6PvO1_k5lHKGdAPo5_C6TA,1,126,127,@johnmejia992,1.0,1.0
UC6Uj1FT5JjDSF8vudvDxPAA,3,55,48,@alfredoortega9264,1.0,1.0
UC6YSZqL0vEcI-niPKIMUGfw,1,126,127,@maxwellsales885,1.0,1.0
UC6xI_MOaxajIWpoP8BH6E_Q,11,1,0,@jahirdiaz5862,1.0,1.0
UC72gBAtyb_VXQlYDcFrh6oQ,1,126,127,@osmanmorales3012,3.0,1.0
UC7IMsCxfZyWN7YQo8-JYa6Q,2,61,18,@Burgos68,2.0,1.0
UC7VUuJr9cGh845CmTvf7TlQ,1,126,127,@LuisCastillo-oz4df,1.0,1.0
UC7dadZG7kkGYnsNu6td0FbA,3,55,48,@lesolorzano,1.0,1.0
UC816IGbFCZinfYS1LRDaaHg,3,55,48,@ingenieroar,1.0,1.0
UC8F2V63KZ4ZEay6opX2hAQw,1,126,127,@carmenr6311,1.0,1.0
UC8G5cJONY8L9voMyBW8Eoug,1,126,127,@luisparedes-pw6qt,1.0,1.0
UC8r11yOugM2NuRfitQOxLLg,1,126,127,@cesaraugustomoralesmonroy6907,1.0,1.0
UC8xlJWNHz1V_W6q3fbuQH8g,2,61,18,@NormaLópez-v7e,1.0,1.0
UC95PSMouTx2N5CbSq0hIyrQ,3,55,48,@lisss1908,1.0,1.0
UC9Wp6vL5oCU37qC3Aj94WZA,7,6,6,@ManuelSanchez-b8q2z,1.0,1.0
UC9vMq1YF-e7C-VO0SHkbUTA,1,126,127,@ErvinLeonardoCarreraLatín,4.0,1.0
UC9xr9QvIcDvoZNUX5f-jaZw,1,126,127,@MariaaliciaColonmorales,1.0,1.0
UCA93ym2TXs_Ibyxb4Vcn-6Q,1,126,127,@oswaldosolis8728,1.0,1.0
UCAKuKvcbfnBD3kF5njNu-IA,3,55,48,@melvinlopez7096,1.0,1.0
UCAV7QIjYhbDJaycQycM_0eQ,2,61,18,@mariavail8998,1.0,1.0
UCAlzM_N6xBlMYmM8EBzX86Q,1,126,127,@carlossoto3252,1.0,1.0
UCAmtbUiIrUIhikru0ZoTFig,1,126,127,@Aura-vf6dm,1.0,1.0
UCAxvOOHQk7dYPOajzFEVtbA,2,61,12,@ruddydepaz322,2.0,1.0
UCB5p8a5gklc80jJItP6xTHg,1,126,127,@ernestogamboa8737,1.0,1.0
UCBlm80VQ4YoV3bUJR_XhkaQ,6,18,17,@rosadiaz6945,2.0,1.0
UCBtB5dIyx-C16UN8ClUD2UA,3,55,6,@alexmonzon4257,1.0,1.0
UCCBYcToQ2dwkd6TJh0FSyDg,3,55,48,@lidiarodriguez3493,1.0,1.0
UCCUmP4PlbwgikVFpYwbtRTg,4,28,15,@alhvi,1.0,1.0
UCCaYwkkbQGcvFoUmothVdQQ,1,126,127,@OsvaldoAguirre-l3i,1.0,1.0
UCDIMztpVm7G27qBuiWuT6oQ,1,126,127,@lizardomorataya8274,1.0,1.0
UCDPWkUX3sNNaCx-m1dV4glA,1,126,127,@hectoroliva949,1.0,1.0
UCDQaQv0hr2SS_PO-CMEwVHg,1,126,127,@federicosaquimux1933,1.0,1.0
UCDUffaruH6dyUnUGwsTKpgg,1,126,127,@luisletona2842,1.0,1.0
UCDftMWXQoJ6nONfY7GVOVjg,1,126,127,@luisgpacheco5858,1.0,1.0
UCDlr1VadSucIZgZ171pRBjQ,1,126,127,@cuabatzjj5924,1.0,1.0
UCDrmf9y9nLgFY5wnA2hTuGA,3,55,48,@laboratorio5528,1.0,1.0
UCEHXl4VvvVpq-_4xC5tsbhg,2,61,31,@anibalg47,1.0,1.0
UCEgEQmRbtL5fwr9_DqAC--g,1,126,127,@ArielRodas-g5y,1.0,1.0
UCErZPJpHmLCsXs8ZWkAUupQ,1,126,127,@dorisl.garciaroche7763,1.0,1.0
UCFFrEmn6lPYiWyElpfzTy5Q,3,55,6,@denilsonlopez4083,1.0,1.0
UCFOxCyF926Y9eHhMeVoWLzw,5,25,24,@arielsarc09,1.0,1.0
UCFUuDARXdmmIrLppEqf-rFg,1,126,127,@allanmunoz7410,1.0,1.0
UCFhxtoeARHPnXXPcDrOU3Xg,1,126,127,@diegoalejandrolopezmendez205,1.0,1.0
UCFjudnPLoaSL1BaRuLahyHg,1,126,127,@HaroldoCastillo-rh9iw,3.0,1.0
UCFoIAE8k82D6AV-8gjjKaNg,1,126,127,@eddymunoz9789,1.0,1.0
UCFxE8GbokBrBsPEKM1xrOjQ,1,126,127,@JuanDavila-qd7qj,1.0,1.0
UCFybmWapGvBKcQod7cPPH9w,2,61,31,@vitalianochavez8382,1.0,1.0
UCGGHbtfbbe0o68etrOf0qxw,3,55,48,@karensussetteleonvargas9794,1.0,1.0
UCGX_UbAQOXGZknv5iqklwTA,2,61,18,@ronaldgarcia8522,1.0,1.0
UCGZMgmM92E3njyXNe9-kjAQ,6,18,17,@pasionpornada,1.0,1.0
UCGj2v6Gl5bN8NSrzJMXS-CA,4,28,5,@juliogutierrez492,1.0,1.0
UCGm3gRBEHGRJYmtCryZLtDw,7,6,6,@JoséLopez-g6k,1.0,1.0
UCGqKxQS-z3NZzZF-2w338AA,5,25,24,@samuelaguilar529,1.0,1.0
UCGzXwyCzMzGmjmCbH3Hg01Q,1,126,127,@FidelZacarias-ph7dy,1.0,1.0
UCHGd14aYuZZShLD73dkk6mg,9,3,2,@noemiherrera3152,1.0,1.0
UCHMQ_lDhibZ-XZ_3fo6oxwg,5,25,24,@crislexrubi4387,1.0,1.0
UCHTGCgY2l-DQJIvlA_cpa_Q,1,126,145,@virgiliogarcia3039,3.0,2.0
UCHbwIx9pmQuf7i-4_xO2EpA,3,55,48,@caminoseternos752,1.0,1.0
UCHhHUjaMAZ8SiXdCUCj9DkQ,1,126,127,@fredymendez1786,2.0,1.0
UCHu8x4MVkayU6VgwVKd--MQ,7,6,6,@Hernandez-i1o,1.0,1.0
UCIUhbSCy3-SGRe5UtqM4fzQ,5,25,24,@jeanmorales1677,1.0,1.0
UCIXLDYqR_syskKRJy_x9W9Q,2,61,12,@carlitosramirez4739,1.0,1.0
UCIgoiXdIKJyUGmUoH2Lxdzg,6,18,17,@susievidal4134,1.0,1.0
UCIp19h9igblA2YKfSLPDAug,5,25,24,@JoseReyes-rn6sh,1.0,1.0
UCJp3OrVYcBorC94sKwdch_A,4,28,9,@ULJoshmg2011,1.0,1.0
UCJxJC56BSAX-ArD0NAb9qnQ,10,2,1,@alfonsowilian9157,1.0,1.0
UCKDR0f2fu2UzWL8mBv5-BHw,1,126,127,@mireyamorales6595,1.0,1.0
UCKVzDUqbtdSMBcexaEtMmzQ,8,4,3,@rotorairgroup8409,1.0,1.0
UCL13XhnRzbGokEkCkEOb0-g,1,126,127,@raquelprado3643,2.0,1.0
UCL1MT278vSaQ83ZDkVWn1gw,1,126,127,@elmorodriguez6978,1.0,1.0
UCLFdHr9BEbXHkoJopbEPLZw,1,126,127,@kanterra4584,2.0,1.0
UCLXYp1Cvc5DLtq5UQL5D9vw,2,61,12,@jorgecifuentes-m5g,1.0,1.0
UCLggDc_a5HriXv7I1h02sOA,1,126,127,@guillermogonzalez5153,2.0,1.0
UCLh1Kde4_vI1sTZBkTNP7RQ,3,55,6,@JoelReynoso-d4r,1.0,1.0
UCN2N_wYOw6fMwCeSzdXLPIw,2,61,18,@danielantoniogonzalezflore4901,1.0,1.0
UCN6qbfPSzFtjhqUDZ3Cv3CQ,1,126,127,@carlosmedranovelasquez6380,1.0,1.0
UCNBnKqWf4d-rS4HwJRQljmQ,1,126,127,@LE_A22,2.0,1.0
UCNIeXbV_mEwpa412h1aqUWw,2,61,18,@juandeleon9060,3.0,1.0
UCNiMNUJvaRJb0_QLClqwVnA,8,4,3,@Santiago.Nolasco,1.0,1.0
UCNkcuy42zEwddwEcOd_HpnA,1,126,127,@vanigomez492,1.0,1.0
UCNpt5CQlTzNjlAKY6CJtClQ,3,55,48,@eustaquiogomez9975,1.0,1.0
UCO0zwwLWGyDgQmWPJ5Qrr1w,2,61,12,@elsalvador3605,1.0,1.0
UCOARn3hnfkB7-_Rwa8Hoqcw,4,28,5,@nicelol5241,1.0,1.0
UCOLGv5Pf6BF2wFcwUzgcvHg,1,126,127,@welfrealdana5559,2.0,1.0
UCOLHH4ZpMxPYF-Q6e6wvn5A,6,18,17,@luisroldan7374,1.0,1.0
UCOS8ViEkccrTZx2w2ccxotA,1,126,127,@OscarHernandez-q8y,1.0,1.0
UCOY3XpD9qMCRSA8AA8c4CAw,4,28,15,@franciscorodas9686,1.0,1.0
UCOcUI5XkTYNMSFhZNMIPpGg,3,55,48,@hendersonlopez3864,1.0,1.0
UCOh6DaZC_x9HASnlRylEMfw,1,126,127,@AndresMedina-v1s,1.0,1.0
UCPLW0HE3siElqCgXfgWxMqg,12,1,0,@elizabethmonterroso7719,1.0,1.0
UCPNXmbOBVeC4HS-xemvcPtQ,6,18,17,@BelkisRodriguezRamirez,1.0,1.0
UCPZueDLrCS4BmTBRMA4q0fA,2,61,18,@kevinochoa3695,1.0,1.0
UCQIdKuZ-OzuFqy0KjGrgesg,9,3,2,@lyacausa,1.0,1.0
UCQM2tCKRRytVDRxNUfCDqQQ,13,1,0,@elioelias7267,1.0,1.0
UCQMMuADgqWUOcJpLwHOzC-g,6,18,17,@Ripped-Yoda,1.0,1.0
UCQ_-LPP8JAbfkc-b1Q6NvWw,1,126,127,@MegaKristenstewart,2.0,1.0
UCQgYjVngJRfPHDLGB5X6ZjA,1,126,127,@oscarnavas9996,1.0,1.0
UCQqetiwzzmRNTM5OWuXarGQ,1,126,127,@isaiaslopezvelasquez1539,1.0,1.0
UCQqlPPUGqAfWjd-FSh_qn7Q,3,55,48,@estuardoargueta137,1.0,1.0
UCQtICyzWmhC5woCtbNgaSmg,1,126,127,@nestormendez6216,2.0,1.0
UCQtSFINs1h6GHkpg9o5kMvg,1,126,127,@MacarioMartinezruiz,1.0,1.0
UCQyOePccUP-fIJYzchAgZYw,3,55,48,@aguilar4254,1.0,1.0
UCRAquv8el-tQ30bN7MlmySQ,3,55,48,@iamjimalesssa,1.0,1.0
UCRETAiYdh2dL5ZxB0_N1zDA,1,126,127,@Joseroland21,1.0,1.0
UCRcSR3Lvn9DZAmJpVPANfZQ,5,25,24,@WalksandSuch,1.0,1.0
UCRelkU8JiZBytTzebJxaa-w,1,126,127,@danyraymundo2942,1.0,1.0
UCRfkkatKrNtAARnXMMYBGlA,2,61,31,@BernerSoza-mg3vx,1.0,1.0
UCRlCV9zSn7avAWh-9_XFWqQ,1,126,127,@ronyarana8849,1.0,1.0
UCRvPToDkkumha7WJAfCDk1A,3,55,48,@ligiaguerra3057,1.0,1.0
UCRznz9-N3Qc1w-qNdLSIY2Q,5,25,24,@jimmygomez724,1.0,1.0
UCSTAUWVc1_82DHYeqOsqEFA,5,25,24,@TheAlexX_C,1.0,1.0
UCSou6a2OuYGSvPjm5psquyA,1,126,127,@FranciscoRivera-sf7ne,1.0,1.0
UCTD6q1nyIe3Y7HhqjaMj72w,1,126,127,@JuanChang-r6k,1.0,1.0
UCTP3O0rMnc8z8v8jaDQwL0w,1,126,127,@RobertoZelaya-x1v,1.0,1.0
UCTTILH6QCIxbTnEWxwRqs1g,4,28,15,@3762Jorge,1.0,1.0
UCThW2XNsAaBKme5PUt7n-Zg,1,126,127,@thelmamoran8565,1.0,1.0
UCTwSut16JyAg3mX6LVUNGqA,1,126,127,@SuperVictor2005,1.0,1.0
UCTylKrsqkrBKIqubMu_5N0Q,1,126,127,@edwingeovanymarroquinmarro6684,1.0,1.0
UCUIIIPTVDVHAXqhC_5V6lPA,1,126,127,@gorrarota,1.0,1.0
UCUoYsrx1oZnCZ0usbBJn4fA,3,55,48,@AnaDiaz-re9sq,1.0,1.0
UCV0iizTBoOfdAFX_thfI9BA,1,126,127,@BenjaminLarios-jd8nk,1.0,1.0
UCV0lM03g5fg5pbPj97-sAtA,3,55,48,@genarodelgado3929,1.0,1.0
UCV3fr-YOixFKCZBbJP1-X4w,2,61,31,@albertoshernandez5251,5.0,1.0
UCVC2QugcI1G4RvlCiUqd1aQ,4,28,9,@rwdm76,2.0,1.0
UCVQf0tzL7xRzFJsABVVULpg,2,61,18,@DennisseLopetegi,1.0,1.0
UCVdjCrh4tQoX3haNAZv-n5A,6,18,17,@aurahernandez5646,1.0,1.0
UCVhif9eV0f8plICen2DnpKA,4,28,5,@blogarteplus,1.0,1.0
UCW-JC6lebVmf2P1dmY_L94g,3,55,48,@dinoraoroxon5771,1.0,1.0
UCW80DaMjQlEUibC98Cot-Dg,3,55,48,@rogeraldana4289,1.0,1.0
UCWIZUtKJ636y-4TYrNvok0g,1,126,127,@cesarandreas7824,1.0,1.0
UCWWkebAekppaL5b5CNlppuw,9,3,2,@ninettmartinez425,1.0,1.0
UCWaRixDdpgllTBf4V0jPnKQ,2,61,31,@hectormaaz5523,2.0,1.0
UCWoAVGVqCn4xtINCMOTM4jg,3,55,48,@OmarMartinez-vv8re,1.0,1.0
UCWvntqPQx99k_Z_skWKqNSA,2,61,31,@AntonioChiyal-x5s,1.0,1.0
UCXN2s7DwTJm33xO-pNkAdaA,2,61,12,@edithsan7688,1.0,1.0
UCXO1BBohNWXkK9SBDAG2ySg,4,28,15,@JBFlute92,1.0,1.0
UCXSkL3ejZ8qWYyF_M7s_QKA,1,126,127,@JacintaTzoy,1.0,1.0
UCXVLc8CmAO813ubM-fLvCDw,4,28,15,@herminiasaquimux7565,1.0,1.0
UCXXh7yg5KUFIWylTiKVEFKQ,1,126,127,@MrDuenderojo,2.0,1.0
UCXgr7vXlRrsaskPdo097kGA,1,126,127,@Rogergh-nw4oj,1.0,1.0
UCXl30Y_upRqbti52fmjK4YA,4,28,15,@capitanfrans,1.0,1.0
UCXmrpc6Li0spcKxtS0Q_ptg,5,25,24,@melvinperez6710,1.0,1.0
UCXr8_5WtGeipe4haOoQDgyQ,1,126,127,@amyherrera7352,1.0,1.0
UCY7Hq7F9Lnucf-Yr6JkHZNw,5,25,24,@maynorcalel1442,1.0,1.0
UCYN4wSQ1Sx4_LurxLlW7MPg,1,126,127,@belarminavillatoro6474,1.0,1.0
UCYwpX26TrCxq8TvbKGRYLXA,1,126,127,@beneficioelcaminovillacana8540,1.0,1.0
UCZ51R_9Q9C0c8I3pAWhtmjQ,1,126,127,@belvettzapeta1251,1.0,1.0
UCZFQwqh90apuL8eFhvRBkUg,2,61,31,@luisricardo9671,1.0,1.0
UCZIQnb1fkwe39Iw2TAu-bGA,4,28,5,@jorgegomez2237,1.0,1.0
UCZLG9qH0tUjNhEGFIUt0CYw,1,126,127,@SoniaMarroquin-y6e,1.0,1.0
UCZOmq6MwFDVoCaEl99BRRaw,4,28,9,@daniloarevalo3170,1.0,1.0
UCZeIIQrGAedW8tCbKWmGY-A,3,55,48,@mariocordon8873,1.0,1.0
UCZjm6U576nX8WOiLhmMR3bw,6,18,17,@MariaNavarroYT,1.0,1.0
UC_3xuTXvMIWU5MYP9HkJ3vQ,2,61,12,@Historia-wm4os,1.0,1.0
UC_6KbBY1bsYXz9fwFS0eQRg,4,28,9,@imrcp5694,1.0,1.0
UC_LYoGs5C3mbZKZuKuqYCvw,3,55,48,@javiercifuentesarchila6041,1.0,1.0
UC_NRVt2UP88ZNTwzrZ66JSg,14,1,0,@aditalissethevasquezrojas8039,1.0,1.0
UC_ljZ1hZXR9pzexFz87P5ZA,5,25,24,@ChRiStOpHeR7969,1.0,1.0
UCa36MjQLoPAmgJo-R3G8WQA,2,61,31,@elsasalguero6914,1.0,1.0
UCaKAjTW9MVub_clgr4DRYjQ,3,55,48,@josecastillo4390,1.0,1.0
UCaT4saRcyqCLE657Rq2hhZQ,2,61,31,@elmilenial4064,1.0,1.0
UCaT6M2zp7X6r6Whd8Vv3kHQ,5,25,24,@alexarcos8349,1.0,1.0
UCat2qkYvqmtDNEmo2PVuhXw,6,18,17,@DoraSalas-j5o,1.0,1.0
UCbNanjFI51cwGqMAb2rOrBw,6,18,17,@RosaMontesdeOca777,1.0,1.0
UCbYoNG5J3Au5BqtbXogfEFw,2,61,18,@Luis-gn3fj,1.0,1.0
UCbrtvygfRT6QXqWDNrOf-cA,4,28,23,@Alejandro00710,2.0,2.0
UCcFIBN-rtC3d3hXeuN5TfWw,4,28,15,@DenisRMC,1.0,1.0
UCc_F88PzGWtA1OPNUEASulA,4,28,15,@rockyscarlet,1.0,1.0
UCcfdg8crmMJwEuLUsAhV7yg,1,126,127,@RolandoRaguay,1.0,1.0
UCdFlugHJJa4l3YqWuNRmvXw,3,55,54,@MarcosCarillo-b1r,2.0,2.0
UCdQAuWwyC99MB7Y02Umj26Q,4,28,15,@miguelbran1268,1.0,1.0
UCe8JZoYkX5oKUZyivHYdXhw,3,55,48,@FernandoGarcia-jg1fj,1.0,1.0
UCeDNEtI8_a42bZ47wJiJMwQ,3,55,48,@EdgarcalderonCalderong,1.0,1.0
UCeQk-WfEA-cJRq4EKeE7TOw,2,61,31,@franciscojuarez9223,1.0,1.0
UCefAH1MbvADWUjE9WVcB9EQ,4,28,15,@jabriz8152,1.0,1.0
UCf5lnNZF7Qrtli9v4N_23WQ,2,61,18,@CarlosCortez-v5r,1.0,1.0
UCfM3nrxtTQMY5jFx1v1J4Gg,1,126,127,@edgarroldan5539,1.0,1.0
UCfRqgt2O-vjzUDMZY_tnxQw,3,55,6,@Williams-Garcia67E,1.0,1.0
UCfXykdbSU97rj987LDUGfvg,2,61,12,@MariaSantos-c8y3h,1.0,1.0
UCfjhejO7LZy4doXURa7LZCQ,2,61,12,@HonwayLee-z5g,1.0,1.0
UCfo_yUPzy1f1POwwZxhZ06Q,2,61,31,@lara11roberto,1.0,1.0
UCg3eIfd7BrsLEqS0BLkftHA,2,61,18,@ErmePérez-q4s,3.0,1.0
UCgGqw4aqMdMVSGkKiMgrJRQ,2,61,31,@pattyfigueroa5609,1.0,1.0
UCgJNFj5dnxXpcMvmuhZDPxA,3,55,48,@NataliaRodriguez-rx5mr,1.0,1.0
UCgLrWFdYitoP-b7-PxtUr-w,5,25,24,@zetag,1.0,1.0
UCgLurCo-e019HGODcjXHWCw,5,25,24,@perritojuega1,1.0,1.0
UCgQJgI9vu1FI2dnC9mrFthw,2,61,18,@srms70,1.0,1.0
UCgQw_Sbq3ugruDUKsq1e0-A,3,55,48,@marlenareano-h4t,1.0,1.0
UCgvw7xIdGFupzpt1Y_BFkEA,1,126,127,@fredygarcia9151,1.0,1.0
UCh5ESQvtzyHDhCA7XyekCFA,1,126,127,@andyB5280,3.0,1.0
UChT7pzGytNd92Nmvi-zuWog,4,28,15,@sparkvalkov,1.0,1.0
UChZknRmJkeGeQk0-mQuhDOg,1,126,127,@OdilioRodríguez-c5w,1.0,1.0
UCheEJ5GZuIvV0fj-nXyVwXw,2,61,31,@rosaoliva9389,1.0,1.0
UChep9kVb5gQmpodEEl10Xlg,1,126,127,@carlosaguilar-kz7ml,1.0,1.0
UChgkn5Jt5tWKYMoEOuCjz3Q,1,126,127,@pablochitay46,1.0,1.0
UChs3tU2BcKOT0CezykvAsGw,1,126,127,@byronpontaza,3.0,1.0
UChyps3dqY-VY1_wLeq-2lhw,2,61,31,@maydamorales4395,1.0,1.0
UCi-vPdnpQreC7BkFs40mJGA,5,25,24,@bryansicasales4280,1.0,1.0
UCi1b_TRQfgO1Z9O2gNGGWNA,1,126,127,@davidisraelesquitsaquil,2.0,1.0
UCi2KiZq63sRq8Mfbcp-MelQ,6,18,17,@eugeneramirez4405,6.0,1.0
UCiC-Jn7wdgyQV4_Urk0DkWQ,3,55,48,@pedroros6358,1.0,1.0
UCiGRBf2RNF0WRKhRVT7zFoA,1,126,127,@edwinavila4876,1.0,1.0
UCiMythXHsw7eQEMykCdmMUA,1,126,127,@JavierBecerra-h6x,1.0,1.0
UCiOZX__1gahg1ypIj0_XG_w,2,61,31,@mariogonzalezorellana8956,1.0,1.0
UCipetjeiWj4CZB6EbyYziZg,1,126,127,@OseasSamayoa-ol5rz,1.0,1.0
UCj-LL25XJnjxepPKCc3NGog,1,126,127,@anaaguirre8985,1.0,1.0
UCjJf-AJKRFFWtiN-CSwkDmA,4,28,9,@2jose82,1.0,1.0
UCjSKM9j0Q7HLDr1hD6D-TUw,1,126,127,@josehidalgo4875,1.0,1.0
UCjZgFEowMBrsjodqfovzdKw,2,61,43,@franciscoflores3120,2.0,2.0
UCjmPuazZJzscrwvk0QR9RVw,1,126,127,@mynorrodas8591,1.0,1.0
UCk4O-J1BhoqPmig1KLGJePA,3,55,6,@lazarobarillas3575,1.0,1.0
UCkVtmkK07b2zaVVNssX4lOg,3,55,48,@HectorElias-u2l,1.0,1.0
UCkbsS_3D-pvg1iHOld9uvIg,3,55,48,@gonzalo6075,1.0,1.0
UCkd9W714-947dEE6ZOEBATA,1,126,127,@ARGELIATELON,2.0,1.0
UCkxdJ_yGN2gghOMo2ybQtXQ,4,28,15,@11223344An,1.0,1.0
UCl0ekS9Tt0jJGtOEM18S63w,1,126,127,@monkchapin,1.0,1.0
UCld2stqxaVSk0QdGncM224A,8,4,3,@sarahernandez3873,1.0,1.0
UClhMWQ7XKWywYvbRnuf8QsA,3,55,48,@EcPerez-zz9oh,1.0,1.0
UCljDbleJul41G1TzOjOZAVA,1,126,127,@hectorcarranza3777,1.0,1.0
UClqA491Xa5fQcXcJJa-vTWw,3,55,48,@AndresLemus-k2d,1.0,1.0
UClsrFGJKWPxxw7MiaEdKLXw,2,61,18,@ericapaz5406,1.0,1.0
UCmjppp6ujz3SAnULvP3sZMw,1,126,127,@marcomendez7509,1.0,1.0
UCmvOgzmmXbjUthHy-WJ52hQ,1,126,127,@mariorodas593,1.0,1.0
UCnU8wO1OurAmGstDw6VGjgQ,4,28,9,@cmorera21,1.0,1.0
UCoGdCoJg2Lh0OX_jv6cG16g,2,61,31,@Israel-u5i7i,2.0,1.0
UColMq7LmaoY3MT6aIDGrGvA,3,55,48,@quijotachapina1,1.0,1.0
UCozFYHN0e_-vlQbX3wQGOug,6,18,17,@jesusguzman2321,1.0,1.0
UCp29O_C7cchZV8IxV7Crdag,2,61,31,@robertoescobar5507,2.0,1.0
UCp4iw5_5SmV9VGTFSNVGOmQ,1,126,127,@CARLOSSTREMS51,1.0,1.0
UCpIdtvoFHVLGASGB5ySqIEA,1,126,127,@VidalVillatoro-p4w,1.0,1.0
UCp_dAUfv8i3LW3zWc24dLaQ,6,18,17,@MarioCortez-o6v,1.0,1.0
UCpe5jW3MIqkgTJ-PgkzvM6Q,3,55,48,@carloslam5333,1.0,1.0
UCpl8rF8uv_8uui-QRvuJaRA,1,126,127,@SergioGarcia-z9c,1.0,1.0
UCplrIQtaPj6au60_f2-mOYw,1,126,127,@romeolopezherrarte799,1.0,1.0
UCpsKOkt5iWTbenzeuq7dsmQ,3,55,183,@inge_vergueta,3.0,3.0
UCq3mDTTRZnUybct5M9OSXbg,2,61,12,@MacoMorales-i2i2d,1.0,1.0
UCqCrvuoJpC-aVb0f4logQRQ,3,55,48,@Lyrics_GT,1.0,1.0
UCqilIa8r7iek5sGYg_q6ofA,5,25,24,@rolandojuchuna484,1.0,1.0
UCql1n3Ey6ULMSOACjMe-fxQ,2,61,31,@RolandoGonzalez-o7g,1.0,1.0
UCr1emrogPKkKTs_WTtx71xg,1,126,127,@domingopeneleu6457,1.0,1.0
UCrJn_rbo_ENAdeqneS-RmRw,1,126,127,@josecarrera9623,2.0,1.0
UCrqXyRsg-_hTosURZ-uvoKg,6,18,17,@flornolberto2425,1.0,1.0
UCsGoJEvb-cFPZ2rWoJcXzEQ,3,55,48,@sergiohinestroza9709,1.0,1.0
UCsJJAvrVGupdmhOqgtDp8dg,1,126,127,@nestorlorenzana1168,1.0,1.0
UCsSXdJct-nsS8DsABoEsaYA,1,126,127,@IvánPérez-j4j,1.0,1.0
UCsUCN0Yq_UyTvKjOJLmNrnQ,1,126,133,@moisesvaldez4043,2.0,2.0
UCs_5qeqdku9tGAq22y3OcuQ,5,25,24,@alexandrevasquez4135,1.0,1.0
UCsjs5Hp_r86x1xbK6FAeqaA,1,126,127,@alvaroesquivel563,1.0,1.0
UCtCtts20bW6F9CSohau51Iw,2,61,31,@carlosgranados9875,2.0,1.0
UCtMBF_1O2jY2INlb_luuB_A,5,25,24,@mynorgudiel8646,1.0,1.0
UCtNfIBnc5S5DbbQj_yxgJTw,1,126,127,@JosueRamirez-ey3ih,1.0,1.0
UCtNyHmRZtvGF2hSvI2dUBWw,2,61,18,@aureliomaldonado4793,2.0,1.0
UCtUR3_CAiE7fCoZHM6cMfyQ,1,126,127,@mdelcid01,1.0,1.0
UCtiHFjFu7d5v2XxHnKFUYig,6,18,17,@Paul-gf7ec,1.0,1.0
UCtowGNY2lnlg6O2CkwDgkLg,8,4,3,@taniagabrielacelis8434,1.0,1.0
UCtsxPYw8VUsH_FfnKg-0lmw,2,61,31,@AlejandroPérez-b6r,1.0,1.0
UCu8_3-Wg-YzNyvHYQDEscfw,3,55,48,@RolandoCastroPérez-d7y,1.0,1.0
UCuP4UK33HKtJE_S39ksmaTw,2,61,18,@herbertaguilar1387,1.0,1.0
UCuXmOjxC-htcprLgeVXz6Tg,3,55,48,@jorgeaguilar-bq3uj,1.0,1.0
UCueV9cTyTDwgQSec1x2dYgA,1,126,127,@fredydomingo7062,1.0,1.0
UCujPF2nBgsTD62nWE3lcpIg,1,126,127,@victorarturoruanobautista7588,1.0,1.0
UCusjriFsDHEc2AOjqk-p5ig,2,61,18,@pablobarrios7931,1.0,1.0
UCut6b9S98nv84cVX89PmKzA,1,126,127,@yeniferaguirre4498,2.0,1.0
UCvApqeCbLod-wejtT4CcVuA,1,126,127,@davidgaher9550,1.0,1.0
UCvDwJBBY1mHK70aTEYl6rsA,2,61,31,@cristianescobedo8296,1.0,1.0
UCvcu1kR8xMYy_I1Ty-2mV2Q,4,28,28,@hashojea7348,4.0,3.0
UCvl1tzQeBeGy6efPTRJXSCw,2,61,12,@RaulPerez-cw2vi,1.0,1.0
UCwCfs-2zbD5k0lG-UVg_JBw,2,61,12,@JessicaHuaz-96,1.0,1.0
UCwEe1RKlEv1UpNWmWYfSh4w,4,28,15,@marioramirez299,1.0,1.0
UCwO2SXr0ggzwg6QWWrr01nQ,1,126,127,@ricardofigueroa5720,1.0,1.0
UCwUAv3_LpWVtTIi7lkmTL7A,5,25,24,@kingr4706,1.0,1.0
UCwW2OFy95P7ZBkOPxWkpvYg,1,126,127,@TeresaLucero-b5o,2.0,1.0
UCwgCc9Jd_gG-uLE_SY-FfPg,3,55,48,@armindapenados2841,1.0,1.0
UCwha8rxULYMVtNwZWeSkE1A,1,126,127,@mariasamo8637,1.0,1.0
UCwjUvRseNtJoItylIyIez7Q,3,55,48,@Silviazea,1.0,1.0
UCwxoKK59nGCeBqB2sXfDBIw,2,61,31,@vic-bonivideos,1.0,1.0
UCxKR3RA8T-kxMgq_2WWhRcQ,5,25,24,@elenaluarca9377,1.0,1.0
UCxcoDvP-g2_KTZDmVZtvb3w,4,28,15,@angelmartinez9523,1.0,1.0
UCxff05WuyvwELNITi7bj7UA,1,126,127,@markoherrera,1.0,1.0
UCxhtlxPV8AYWaNNyU6S9H8Q,6,18,17,@WilR-s8r,1.0,1.0
UCyJhqmMbsvjpoarBBStA2kg,2,61,31,@Murmullodelbarrio,6.0,1.0
UCySYJU5kUh7X8gVt9la2ISA,1,126,127,@dantesarti4351,1.0,1.0
UCyW68EGZey4ao_Vf2cR5Ztg,4,28,5,@ZabalaXabier,1.0,1.0
UCylqlpsh8ENNM1LqgQ1KbxA,3,55,174,@Jel.Awesh.M,3.0,2.0
UCyor0Mmm0ivLX2jIdyGp84Q,10,2,1,@MiguelJordan-n3g,1.0,1.0
UCyzf29IYjNw67gGIfsjgtxA,5,25,24,@carlosoliva9249,1.0,1.0
UCz3gu01bmjNv0DpRq-K3XYg,1,126,127,@eusebiovasquez4385,2.0,1.0
UCzSfZlOVxBSs5ObD25ywxDQ,1,126,127,@GilmarMaldonado-q9m,1.0,1.0
UCzZ6dDCEsLMXbc5pCFXIprw,2,61,49,@josegil3813,2.0,2.0
UCzoL2l5H5eVlorWGH8AZfAg,1,126,127,@jor77cas,1.0,1.0
