nodo,grado,grado_ponderado,betweenness,closeness,pagerank,red,eigenvector_comp_mayor,tipo
UC-HeUTT6_g-VoiWds2a4H-w,1,1,0.0,0.1326122448979592,0.0012314659094801786,Bipartita,2.719753877234905e-06,autor
UC-Iul5tDYH_oiAMXQH-KaaQ,1,1,0.0,0.1326122448979592,0.0012314659094801786,Bipartita,2.719753877234905e-06,autor
UC-QOpE7GOxlXcHZ8b7HbQKA,1,2,0.0,0.026448979591836733,0.0021339647774481214,Bipartita,,autor
UC-fiZBS5Gp1eCJd9ucgWnCg,1,1,0.0,0.17422779922779924,0.0015012876402744307,Bipartita,0.0006549010269817852,autor
UC-hfX8J5JPJ-dfuakzegMLA,1,1,0.0,0.22186561048893746,0.0013102170967186151,Bipartita,0.04426701626519941,autor
UC-jS_kA9w-OmpupXDx156Rg,1,1,0.0,0.22186561048893746,0.0013102170967186151,Bipartita,0.04426701626519941,autor
UC-pNP6RMFuLg_-x7Ah_0kEA,1,1,0.0,0.22186561048893746,0.0013102170967186151,Bipartita,0.04426701626519941,autor
UC094EFEmMSdwVa8NQjjYBXg,1,1,0.0,0.14614069809283917,0.001594478004275582,Bipartita,0.00017844469757576138,autor
UC0HvfEWozTHbwl_iEmJNvVA,1,1,0.0,0.1326122448979592,0.0012314659094801786,Bipartita,2.719753877234905e-06,autor
UC0RpuMwkDKJYqgKHtsJRuWQ,1,1,0.0,0.03644314868804665,0.0015921333404745244,Bipartita,,autor
UC0aEyakBPqcBkVJiErfSupQ,1,1,0.0,0.03644314868804665,0.0015921333404745244,Bipartita,,autor
UC14qlobYKqD-DO0j6b75lcA,1,1,0.0,0.1326122448979592,0.0012314659094801786,Bipartita,2.719753877234905e-06,autor
UC1DpqK6vaPEkBOMNvypsKYg,1,1,0.0,0.17422779922779924,0.0015012876402744307,Bipartita,0.0006549010269817852,autor
UC1NiEdJ7gk6FlDexIalWnGg,1,1,0.0,0.1326122448979592,0.0012314659094801786,Bipartita,2.719753877234905e-06,autor
UC1WlJfQmaIskYhP4gmWoamw,1,1,0.0,0.026448979591836733,0.0012806576023992745,Bipartita,,autor
UC1Y7x3h0c95Z8kUhi-Tzaeg,1,1,0.0,0.170640756302521,0.0012735810348890395,Bipartita,0.00041358525581382504,autor
UC1vr9aaMI2crB0NvwFHUeoQ,1,1,0.0,0.22186561048893746,0.0013102170967186151,Bipartita,0.04426701626519941,autor
UC2Y_EHWQKevubk4vOEBBFxw,1,1,0.0,0.22186561048893746,0.0013102170967186151,Bipartita,0.04426701626519941,autor
UC2ngpd8UBQu4gcUYy0goAtg,1,1,0.0,0.10232426303854876,0.0014900677837631294,Bipartita,1.1376327283817565e-08,autor
UC2weSE8rpqkGMOp6StYtVfg,1,1,0.0,0.22186561048893746,0.0013102170967186151,Bipartita,0.04426701626519941,autor
UC32oozucwCF3q8d4m8fyOUg,1,1,0.0,0.17422779922779924,0.0015012876402744307,Bipartita,0.0006549010269817852,autor
UC3E9mAgP7VoAE5mZoAexl5g,1,1,0.0,0.22186561048893746,0.0013102170967186151,Bipartita,0.04426701626519941,autor
UC3MYTqpQqlWBuCB7Th0e0PA,1,1,0.0,0.22186561048893746,0.0013102170967186151,Bipartita,0.04426701626519941,autor
UC3NMzdMYryaw82kPTnsaljg,1,1,0.0,0.22186561048893746,0.0013102170967186151,Bipartita,0.04426701626519941,autor
UC3UVO7pTbeYvZ3ILEyRDskQ,1,1,0.0,0.17422779922779924,0.0015012876402744307,Bipartita,0.0006549010269817852,autor
UC3XTwHxygNCgjndsg-UiCQA,1,3,0.0,0.22186561048893746,0.0030759504354549907,Bipartita,0.13280104879559815,autor
UC3YpzAr7pcdKC7BVFEpYzog,1,1,0.0,0.1326122448979592,0.0012314659094801786,Bipartita,2.719753877234905e-06,autor
UC3iIU62XKUOWuqL8BqBzj9A,1,1,0.0,0.14614069809283917,0.001594478004275582,Bipartita,0.00017844469757576138,autor
UC3qn1yJA5PeW9rkGPatQxiw,1,1,0.0,0.22186561048893746,0.0013102170967186151,Bipartita,0.04426701626519941,autor
UC4Avya4kmR4Q0FrfFdBozSQ,1,1,0.0,0.17422779922779924,0.0015012876402744307,Bipartita,0.0006549010269817852,autor
UC4cXueR2bKGFJV0Fk76gwmA,1,1,0.0,0.22186561048893746,0.0013102170967186151,Bipartita,0.04426701626519941,autor
UC4kg7zuTfqQKLd2bkZrSYBA,1,1,0.0,0.12383747522488185,0.0016244245455000741,Bipartita,2.639970469224111e-06,autor
UC4wq3DcbfaG6dtCqn8Oyu3w,1,1,0.0,0.22186561048893746,0.0013102170967186151,Bipartita,0.04426701626519941,autor
UC5H8ASmMC9WrURmzeB4ySog,1,5,0.0,0.22186561048893746,0.004841683774191366,Bipartita,0.22133508132599697,autor
UC5PrBbmUlQolwqmiru7yZhw,1,1,0.0,0.14614069809283917,0.001594478004275582,Bipartita,0.00017844469757576138,autor
UC5PyGvSfFM--OVKmQ3COu6g,1,1,0.0,0.03644314868804665,0.0015921333404745244,Bipartita,,autor
UC5bG9nc_JV3FsNP2KseQiYw,1,1,0.0,0.22186561048893746,0.0013102170967186151,Bipartita,0.04426701626519941,autor
UC5fvhAfm89JH8eDFdvc0xYw,1,1,0.0,0.03644314868804665,0.0015921333404745244,Bipartita,,autor
UC5hvEnRUzI4Kfvwnyi4QxqQ,1,1,0.0,0.17422779922779924,0.0015012876402744307,Bipartita,0.0006549010269817852,autor
UC5wuDq3U3vRAhOQI3D7gNdw,1,1,0.0,0.16792433326442008,0.0013678165077211386,Bipartita,0.00018794410011705324,autor
UC63tFvbQ_hJhGDi2nbjssjw,1,1,0.0,0.1326122448979592,0.0012314659094801786,Bipartita,2.719753877234905e-06,autor
UC650pRT-OYzny3GwOH8Cgfw,1,1,0.0,0.22186561048893746,0.0013102170967186151,Bipartita,0.04426701626519941,autor
UC6PvO1_k5lHKGdAPo5_C6TA,1,1,0.0,0.22186561048893746,0.0013102170967186151,Bipartita,0.04426701626519941,autor
UC6Uj1FT5JjDSF8vudvDxPAA,1,1,0.0,0.17422779922779924,0.0015012876402744307,Bipartita,0.0006549010269817852,autor
UC6YSZqL0vEcI-niPKIMUGfw,1,1,0.0,0.22186561048893746,0.0013102170967186151,Bipartita,0.04426701626519941,autor
UC6xI_MOaxajIWpoP8BH6E_Q,1,1,0.0,0.002857142857142857,0.002849002849002849,Bipartita,,autor
UC72gBAtyb_VXQlYDcFrh6oQ,1,3,0.0,0.22186561048893746,0.0030759504354549907,Bipartita,0.13280104879559815,autor
UC7IMsCxfZyWN7YQo8-JYa6Q,1,2,0.0,0.170640756302521,0.0021198116424276515,Bipartita,0.0008271705116276501,autor
UC7VUuJr9cGh845CmTvf7TlQ,1,1,0.0,0.22186561048893746,0.0013102170967186151,Bipartita,0.04426701626519941,autor
UC7dadZG7kkGYnsNu6td0FbA,1,1,0.0,0.17422779922779924,0.0015012876402744307,Bipartita,0.0006549010269817852,autor
UC816IGbFCZinfYS1LRDaaHg,1,1,0.0,0.17422779922779924,0.0015012876402744307,Bipartita,0.0006549010269817852,autor
UC8F2V63KZ4ZEay6opX2hAQw,1,1,0.0,0.22186561048893746,0.0013102170967186151,Bipartita,0.04426701626519941,autor
UC8G5cJONY8L9voMyBW8Eoug,1,1,0.0,0.22186561048893746,0.0013102170967186151,Bipartita,0.04426701626519941,autor
UC8r11yOugM2NuRfitQOxLLg,1,1,0.0,0.22186561048893746,0.0013102170967186151,Bipartita,0.04426701626519941,autor
UC8xlJWNHz1V_W6q3fbuQH8g,1,1,0.0,0.170640756302521,0.0012735810348890395,Bipartita,0.00041358525581382504,autor
UC95PSMouTx2N5CbSq0hIyrQ,1,1,0.0,0.17422779922779924,0.0015012876402744307,Bipartita,0.0006549010269817852,autor
UC9Wp6vL5oCU37qC3Aj94WZA,1,1,0.0,0.14614069809283917,0.001594478004275582,Bipartita,0.00017844469757576138,autor
UC9vMq1YF-e7C-VO0SHkbUTA,1,4,0.0,0.22186561048893746,0.003958817104823178,Bipartita,0.17706806506079764,autor
UC9xr9QvIcDvoZNUX5f-jaZw,1,1,0.0,0.22186561048893746,0.0013102170967186151,Bipartita,0.04426701626519941,autor
UCA93ym2TXs_Ibyxb4Vcn-6Q,1,1,0.0,0.22186561048893746,0.0013102170967186151,Bipartita,0.04426701626519941,autor
UCAKuKvcbfnBD3kF5njNu-IA,1,1,0.0,0.17422779922779924,0.0015012876402744307,Bipartita,0.0006549010269817852,autor
UCAV7QIjYhbDJaycQycM_0eQ,1,1,0.0,0.170640756302521,0.0012735810348890395,Bipartita,0.00041358525581382504,autor
UCAlzM_N6xBlMYmM8EBzX86Q,1,1,0.0,0.22186561048893746,0.0013102170967186151,Bipartita,0.04426701626519941,autor
UCAmtbUiIrUIhikru0ZoTFig,1,1,0.0,0.22186561048893746,0.0013102170967186151,Bipartita,0.04426701626519941,autor
UCAxvOOHQk7dYPOajzFEVtbA,1,2,0.0,0.10232426303854876,0.0025527851401758316,Bipartita,2.275265456763513e-08,autor
UCB5p8a5gklc80jJItP6xTHg,1,1,0.0,0.22186561048893746,0.0013102170967186151,Bipartita,0.04426701626519941,autor
UCBlm80VQ4YoV3bUJR_XhkaQ,1,2,0.0,0.026448979591836733,0.0021339647774481214,Bipartita,,autor
UCBtB5dIyx-C16UN8ClUD2UA,1,1,0.0,0.12383747522488185,0.0016244245455000741,Bipartita,2.639970469224111e-06,autor
UCCBYcToQ2dwkd6TJh0FSyDg,1,1,0.0,0.17422779922779924,0.0015012876402744307,Bipartita,0.0006549010269817852,autor
UCCUmP4PlbwgikVFpYwbtRTg,1,1,0.0,0.12357371063441351,0.0015133016567510666,Bipartita,2.364779232601078e-06,autor
UCCaYwkkbQGcvFoUmothVdQQ,1,1,0.0,0.22186561048893746,0.0013102170967186151,Bipartita,0.04426701626519941,autor
UCDIMztpVm7G27qBuiWuT6oQ,1,1,0.0,0.22186561048893746,0.0013102170967186151,Bipartita,0.04426701626519941,autor
UCDPWkUX3sNNaCx-m1dV4glA,1,1,0.0,0.22186561048893746,0.0013102170967186151,Bipartita,0.04426701626519941,autor
UCDQaQv0hr2SS_PO-CMEwVHg,1,1,0.0,0.22186561048893746,0.0013102170967186151,Bipartita,0.04426701626519941,autor
UCDUffaruH6dyUnUGwsTKpgg,1,1,0.0,0.22186561048893746,0.0013102170967186151,Bipartita,0.04426701626519941,autor
UCDftMWXQoJ6nONfY7GVOVjg,1,1,0.0,0.22186561048893746,0.0013102170967186151,Bipartita,0.04426701626519941,autor
UCDlr1VadSucIZgZ171pRBjQ,1,1,0.0,0.22186561048893746,0.0013102170967186151,Bipartita,0.04426701626519941,autor
UCDrmf9y9nLgFY5wnA2hTuGA,1,1,0.0,0.17422779922779924,0.0015012876402744307,Bipartita,0.0006549010269817852,autor
UCEHXl4VvvVpq-_4xC5tsbhg,1,1,0.0,0.1326122448979592,0.0012314659094801786,Bipartita,2.719753877234905e-06,autor
UCEgEQmRbtL5fwr9_DqAC--g,1,1,0.0,0.22186561048893746,0.0013102170967186151,Bipartita,0.04426701626519941,autor
UCErZPJpHmLCsXs8ZWkAUupQ,1,1,0.0,0.22186561048893746,0.0013102170967186151,Bipartita,0.04426701626519941,autor
UCFFrEmn6lPYiWyElpfzTy5Q,1,1,0.0,0.12383747522488185,0.0016244245455000741,Bipartita,2.639970469224111e-06,autor
UCFOxCyF926Y9eHhMeVoWLzw,1,1,0.0,0.03644314868804665,0.0015921333404745244,Bipartita,,autor
UCFUuDARXdmmIrLppEqf-rFg,1,1,0.0,0.22186561048893746,0.0013102170967186151,Bipartita,0.04426701626519941,autor
UCFhxtoeARHPnXXPcDrOU3Xg,1,1,0.0,0.22186561048893746,0.0013102170967186151,Bipartita,0.04426701626519941,autor
UCFjudnPLoaSL1BaRuLahyHg,1,3,0.0,0.22186561048893746,0.0030759504354549907,Bipartita,0.13280104879559815,autor
UCFoIAE8k82D6AV-8gjjKaNg,1,1,0.0,0.22186561048893746,0.0013102170967186151,Bipartita,0.04426701626519941,autor
UCFxE8GbokBrBsPEKM1xrOjQ,1,1,0.0,0.22186561048893746,0.0013102170967186151,Bipartita,0.04426701626519941,autor
UCFybmWapGvBKcQod7cPPH9w,1,1,0.0,0.1326122448979592,0.0012314659094801786,Bipartita,2.719753877234905e-06,autor
UCGGHbtfbbe0o68etrOf0qxw,1,1,0.0,0.17422779922779924,0.0015012876402744307,Bipartita,0.0006549010269817852,autor
UCGX_UbAQOXGZknv5iqklwTA,1,1,0.0,0.170640756302521,0.0012735810348890395,Bipartita,0.00041358525581382504,autor
UCGZMgmM92E3njyXNe9-kjAQ,1,1,0.0,0.026448979591836733,0.0012806576023992745,Bipartita,,autor
UCGj2v6Gl5bN8NSrzJMXS-CA,1,1,0.0,0.12227156405238597,0.0015691590271952158,Bipartita,1.5186531327348356e-06,autor
UCGm3gRBEHGRJYmtCryZLtDw,1,1,0.0,0.14614069809283917,0.001594478004275582,Bipartita,0.00017844469757576138,autor
UCGqKxQS-z3NZzZF-2w338AA,1,1,0.0,0.03644314868804665,0.0015921333404745244,Bipartita,,autor
UCGzXwyCzMzGmjmCbH3Hg01Q,1,1,0.0,0.22186561048893746,0.0013102170967186151,Bipartita,0.04426701626519941,autor
UCHGd14aYuZZShLD73dkk6mg,1,1,0.0,0.005142857142857143,0.0019761768014137345,Bipartita,,autor
UCHMQ_lDhibZ-XZ_3fo6oxwg,1,1,0.0,0.03644314868804665,0.0015921333404745244,Bipartita,,autor
UCHTGCgY2l-DQJIvlA_cpa_Q,2,3,0.23158411788784283,0.25280112044817926,0.003039314373625415,Bipartita,0.08894761778621262,autor
UCHbwIx9pmQuf7i-4_xO2EpA,1,1,0.0,0.17422779922779924,0.0015012876402744307,Bipartita,0.0006549010269817852,autor
UCHhHUjaMAZ8SiXdCUCj9DkQ,1,2,0.0,0.22186561048893746,0.0021930837660868027,Bipartita,0.08853403253039882,autor
UCHu8x4MVkayU6VgwVKd--MQ,1,1,0.0,0.14614069809283917,0.001594478004275582,Bipartita,0.00017844469757576138,autor
UCIUhbSCy3-SGRe5UtqM4fzQ,1,1,0.0,0.03644314868804665,0.0015921333404745244,Bipartita,,autor
UCIXLDYqR_syskKRJy_x9W9Q,1,1,0.0,0.10232426303854876,0.0014900677837631294,Bipartita,1.1376327283817565e-08,autor
UCIgoiXdIKJyUGmUoH2Lxdzg,1,1,0.0,0.026448979591836733,0.0012806576023992745,Bipartita,,autor
UCIp19h9igblA2YKfSLPDAug,1,1,0.0,0.03644314868804665,0.0015921333404745244,Bipartita,,autor
UCJp3OrVYcBorC94sKwdch_A,1,1,0.0,0.16792433326442008,0.0013678165077211386,Bipartita,0.00018794410011705324,autor
UCJxJC56BSAX-ArD0NAb9qnQ,1,1,0.0,0.0038095238095238095,0.002194383313311013,Bipartita,,autor
UCKDR0f2fu2UzWL8mBv5-BHw,1,1,0.0,0.22186561048893746,0.0013102170967186151,Bipartita,0.04426701626519941,autor
UCKVzDUqbtdSMBcexaEtMmzQ,1,1,0.0,0.0065306122448979586,0.0018670735454650957,Bipartita,,autor
UCL13XhnRzbGokEkCkEOb0-g,1,2,0.0,0.22186561048893746,0.0021930837660868027,Bipartita,0.08853403253039882,autor
UCL1MT278vSaQ83ZDkVWn1gw,1,1,0.0,0.22186561048893746,0.0013102170967186151,Bipartita,0.04426701626519941,autor
UCLFdHr9BEbXHkoJopbEPLZw,1,2,0.0,0.22186561048893746,0.0021930837660868027,Bipartita,0.08853403253039882,autor
UCLXYp1Cvc5DLtq5UQL5D9vw,1,1,0.0,0.10232426303854876,0.0014900677837631294,Bipartita,1.1376327283817565e-08,autor
UCLggDc_a5HriXv7I1h02sOA,1,2,0.0,0.22186561048893746,0.0021930837660868027,Bipartita,0.08853403253039882,autor
UCLh1Kde4_vI1sTZBkTNP7RQ,1,1,0.0,0.12383747522488185,0.0016244245455000741,Bipartita,2.639970469224111e-06,autor
UCN2N_wYOw6fMwCeSzdXLPIw,1,1,0.0,0.170640756302521,0.0012735810348890395,Bipartita,0.00041358525581382504,autor
UCN6qbfPSzFtjhqUDZ3Cv3CQ,1,1,0.0,0.22186561048893746,0.0013102170967186151,Bipartita,0.04426701626519941,autor
UCNBnKqWf4d-rS4HwJRQljmQ,1,2,0.0,0.22186561048893746,0.0021930837660868027,Bipartita,0.08853403253039882,autor
UCNIeXbV_mEwpa412h1aqUWw,1,3,0.0,0.170640756302521,0.0029660422499662637,Bipartita,0.0012407557674414444,autor
UCNiMNUJvaRJb0_QLClqwVnA,1,1,0.0,0.0065306122448979586,0.0018670735454650957,Bipartita,,autor
UCNkcuy42zEwddwEcOd_HpnA,1,1,0.0,0.22186561048893746,0.0013102170967186151,Bipartita,0.04426701626519941,autor
UCNpt5CQlTzNjlAKY6CJtClQ,1,1,0.0,0.17422779922779924,0.0015012876402744307,Bipartita,0.0006549010269817852,autor
UCO0zwwLWGyDgQmWPJ5Qrr1w,1,1,0.0,0.10232426303854876,0.0014900677837631294,Bipartita,1.1376327283817565e-08,autor
UCOARn3hnfkB7-_Rwa8Hoqcw,1,1,0.0,0.12227156405238597,0.0015691590271952158,Bipartita,1.5186531327348356e-06,autor
UCOLGv5Pf6BF2wFcwUzgcvHg,1,2,0.0,0.22186561048893746,0.0021930837660868027,Bipartita,0.08853403253039882,autor
UCOLHH4ZpMxPYF-Q6e6wvn5A,1,1,0.0,0.026448979591836733,0.0012806576023992745,Bipartita,,autor
UCOS8ViEkccrTZx2w2ccxotA,1,1,0.0,0.22186561048893746,0.0013102170967186151,Bipartita,0.04426701626519941,autor
UCOY3XpD9qMCRSA8AA8c4CAw,1,1,0.0,0.12357371063441351,0.0015133016567510666,Bipartita,2.364779232601078e-06,autor
UCOcUI5XkTYNMSFhZNMIPpGg,1,1,0.0,0.17422779922779924,0.0015012876402744307,Bipartita,0.0006549010269817852,autor
UCOh6DaZC_x9HASnlRylEMfw,1,1,0.0,0.22186561048893746,0.0013102170967186151,Bipartita,0.04426701626519941,autor
UCPLW0HE3siElqCgXfgWxMqg,1,1,0.0,0.002857142857142857,0.002849002849002849,Bipartita,,autor
UCPNXmbOBVeC4HS-xemvcPtQ,1,1,0.0,0.026448979591836733,0.0012806576023992745,Bipartita,,autor
UCPZueDLrCS4BmTBRMA4q0fA,1,1,0.0,0.170640756302521,0.0012735810348890395,Bipartita,0.00041358525581382504,autor
UCQIdKuZ-OzuFqy0KjGrgesg,1,1,0.0,0.005142857142857143,0.0019761768014137345,Bipartita,,autor
UCQM2tCKRRytVDRxNUfCDqQQ,1,1,0.0,0.002857142857142857,0.002849002849002849,Bipartita,,autor
UCQMMuADgqWUOcJpLwHOzC-g,1,1,0.0,0.026448979591836733,0.0012806576023992745,Bipartita,,autor
UCQ_-LPP8JAbfkc-b1Q6NvWw,1,2,0.0,0.22186561048893746,0.0021930837660868027,Bipartita,0.08853403253039882,autor
UCQgYjVngJRfPHDLGB5X6ZjA,1,1,0.0,0.22186561048893746,0.0013102170967186151,Bipartita,0.04426701626519941,autor
UCQqetiwzzmRNTM5OWuXarGQ,1,1,0.0,0.22186561048893746,0.0013102170967186151,Bipartita,0.04426701626519941,autor
UCQqlPPUGqAfWjd-FSh_qn7Q,1,1,0.0,0.17422779922779924,0.0015012876402744307,Bipartita,0.0006549010269817852,autor
UCQtICyzWmhC5woCtbNgaSmg,1,2,0.0,0.22186561048893746,0.0021930837660868027,Bipartita,0.08853403253039882,autor
UCQtSFINs1h6GHkpg9o5kMvg,1,1,0.0,0.22186561048893746,0.0013102170967186151,Bipartita,0.04426701626519941,autor
UCQyOePccUP-fIJYzchAgZYw,1,1,0.0,0.17422779922779924,0.0015012876402744307,Bipartita,0.0006549010269817852,autor
UCRAquv8el-tQ30bN7MlmySQ,1,1,0.0,0.17422779922779924,0.0015012876402744307,Bipartita,0.0006549010269817852,autor
UCRETAiYdh2dL5ZxB0_N1zDA,1,1,0.0,0.22186561048893746,0.0013102170967186151,Bipartita,0.04426701626519941,autor
UCRcSR3Lvn9DZAmJpVPANfZQ,1,1,0.0,0.03644314868804665,0.0015921333404745244,Bipartita,,autor
UCRelkU8JiZBytTzebJxaa-w,1,1,0.0,0.22186561048893746,0.0013102170967186151,Bipartita,0.04426701626519941,autor
UCRfkkatKrNtAARnXMMYBGlA,1,1,0.0,0.1326122448979592,0.0012314659094801786,Bipartita,2.719753877234905e-06,autor
UCRlCV9zSn7avAWh-9_XFWqQ,1,1,0.0,0.22186561048893746,0.0013102170967186151,Bipartita,0.04426701626519941,autor
UCRvPToDkkumha7WJAfCDk1A,1,1,0.0,0.17422779922779924,0.0015012876402744307,Bipartita,0.0006549010269817852,autor
UCRznz9-N3Qc1w-qNdLSIY2Q,1,1,0.0,0.03644314868804665,0.0015921333404745244,Bipartita,,autor
UCSTAUWVc1_82DHYeqOsqEFA,1,1,0.0,0.03644314868804665,0.0015921333404745244,Bipartita,,autor
UCSou6a2OuYGSvPjm5psquyA,1,1,0.0,0.22186561048893746,0.0013102170967186151,Bipartita,0.04426701626519941,autor
UCTD6q1nyIe3Y7HhqjaMj72w,1,1,0.0,0.22186561048893746,0.0013102170967186151,Bipartita,0.04426701626519941,autor
UCTP3O0rMnc8z8v8jaDQwL0w,1,1,0.0,0.22186561048893746,0.0013102170967186151,Bipartita,0.04426701626519941,autor
UCTTILH6QCIxbTnEWxwRqs1g,1,1,0.0,0.12357371063441351,0.0015133016567510666,Bipartita,2.364779232601078e-06,autor
UCThW2XNsAaBKme5PUt7n-Zg,1,1,0.0,0.22186561048893746,0.0013102170967186151,Bipartita,0.04426701626519941,autor
UCTwSut16JyAg3mX6LVUNGqA,1,1,0.0,0.22186561048893746,0.0013102170967186151,Bipartita,0.04426701626519941,autor
UCTylKrsqkrBKIqubMu_5N0Q,1,1,0.0,0.22186561048893746,0.0013102170967186151,Bipartita,0.04426701626519941,autor
UCUIIIPTVDVHAXqhC_5V6lPA,1,1,0.0,0.22186561048893746,0.0013102170967186151,Bipartita,0.04426701626519941,autor
UCUoYsrx1oZnCZ0usbBJn4fA,1,1,0.0,0.17422779922779924,0.0015012876402744307,Bipartita,0.0006549010269817852,autor
UCV0iizTBoOfdAFX_thfI9BA,1,1,0.0,0.22186561048893746,0.0013102170967186151,Bipartita,0.04426701626519941,autor
UCV0lM03g5fg5pbPj97-sAtA,1,1,0.0,0.17422779922779924,0.0015012876402744307,Bipartita,0.0006549010269817852,autor
UCV3fr-YOixFKCZBbJP1-X4w,1,5,0.0,0.1326122448979592,0.004447927837999184,Bipartita,1.3598769386130445e-05,autor
UCVC2QugcI1G4RvlCiUqd1aQ,1,2,0.0,0.16792433326442008,0.0023082825880918496,Bipartita,0.0003758882002341065,autor
UCVQf0tzL7xRzFJsABVVULpg,1,1,0.0,0.170640756302521,0.0012735810348890395,Bipartita,0.00041358525581382504,autor
UCVdjCrh4tQoX3haNAZv-n5A,1,1,0.0,0.026448979591836733,0.0012806576023992745,Bipartita,,autor
UCVhif9eV0f8plICen2DnpKA,1,1,0.0,0.12227156405238597,0.0015691590271952158,Bipartita,1.5186531327348356e-06,autor
UCW-JC6lebVmf2P1dmY_L94g,1,1,0.0,0.17422779922779924,0.0015012876402744307,Bipartita,0.0006549010269817852,autor
UCW80DaMjQlEUibC98Cot-Dg,1,1,0.0,0.17422779922779924,0.0015012876402744307,Bipartita,0.0006549010269817852,autor
UCWIZUtKJ636y-4TYrNvok0g,1,1,0.0,0.22186561048893746,0.0013102170967186151,Bipartita,0.04426701626519941,autor
UCWWkebAekppaL5b5CNlppuw,1,1,0.0,0.005142857142857143,0.0019761768014137345,Bipartita,,autor
UCWaRixDdpgllTBf4V0jPnKQ,1,2,0.0,0.1326122448979592,0.0020355813916099297,Bipartita,5.43950775446981e-06,autor
UCWoAVGVqCn4xtINCMOTM4jg,1,1,0.0,0.17422779922779924,0.0015012876402744307,Bipartita,0.0006549010269817852,autor
UCWvntqPQx99k_Z_skWKqNSA,1,1,0.0,0.1326122448979592,0.0012314659094801786,Bipartita,2.719753877234905e-06,autor
UCXN2s7DwTJm33xO-pNkAdaA,1,1,0.0,0.10232426303854876,0.0014900677837631294,Bipartita,1.1376327283817565e-08,autor
UCXO1BBohNWXkK9SBDAG2ySg,1,1,0.0,0.12357371063441351,0.0015133016567510666,Bipartita,2.364779232601078e-06,autor
UCXSkL3ejZ8qWYyF_M7s_QKA,1,1,0.0,0.22186561048893746,0.0013102170967186151,Bipartita,0.04426701626519941,autor
UCXVLc8CmAO813ubM-fLvCDw,1,1,0.0,0.12357371063441351,0.0015133016567510666,Bipartita,2.364779232601078e-06,autor
UCXXh7yg5KUFIWylTiKVEFKQ,1,2,0.0,0.22186561048893746,0.0021930837660868027,Bipartita,0.08853403253039882,autor
UCXgr7vXlRrsaskPdo097kGA,1,1,0.0,0.22186561048893746,0.0013102170967186151,Bipartita,0.04426701626519941,autor
UCXl30Y_upRqbti52fmjK4YA,1,1,0.0,0.12357371063441351,0.0015133016567510666,Bipartita,2.364779232601078e-06,autor
UCXmrpc6Li0spcKxtS0Q_ptg,1,1,0.0,0.03644314868804665,0.0015921333404745244,Bipartita,,autor
UCXr8_5WtGeipe4haOoQDgyQ,1,1,0.0,0.22186561048893746,0.0013102170967186151,Bipartita,0.04426701626519941,autor
UCY7Hq7F9Lnucf-Yr6JkHZNw,1,1,0.0,0.03644314868804665,0.0015921333404745244,Bipartita,,autor
UCYN4wSQ1Sx4_LurxLlW7MPg,1,1,0.0,0.22186561048893746,0.0013102170967186151,Bipartita,0.04426701626519941,autor
UCYwpX26TrCxq8TvbKGRYLXA,1,1,0.0,0.22186561048893746,0.0013102170967186151,Bipartita,0.04426701626519941,autor
UCZ51R_9Q9C0c8I3pAWhtmjQ,1,1,0.0,0.22186561048893746,0.0013102170967186151,Bipartita,0.04426701626519941,autor
UCZFQwqh90apuL8eFhvRBkUg,1,1,0.0,0.1326122448979592,0.0012314659094801786,Bipartita,2.719753877234905e-06,autor
UCZIQnb1fkwe39Iw2TAu-bGA,1,1,0.0,0.12227156405238597,0.0015691590271952158,Bipartita,1.5186531327348356e-06,autor
UCZLG9qH0tUjNhEGFIUt0CYw,1,1,0.0,0.22186561048893746,0.0013102170967186151,Bipartita,0.04426701626519941,autor
UCZOmq6MwFDVoCaEl99BRRaw,1,1,0.0,0.16792433326442008,0.0013678165077211386,Bipartita,0.00018794410011705324,autor
UCZeIIQrGAedW8tCbKWmGY-A,1,1,0.0,0.17422779922779924,0.0015012876402744307,Bipartita,0.0006549010269817852,autor
UCZjm6U576nX8WOiLhmMR3bw,1,1,0.0,0.026448979591836733,0.0012806576023992745,Bipartita,,autor
UC_3xuTXvMIWU5MYP9HkJ3vQ,1,1,0.0,0.10232426303854876,0.0014900677837631294,Bipartita,1.1376327283817565e-08,autor
UC_6KbBY1bsYXz9fwFS0eQRg,1,1,0.0,0.16792433326442008,0.0013678165077211386,Bipartita,0.00018794410011705324,autor
UC_LYoGs5C3mbZKZuKuqYCvw,1,1,0.0,0.17422779922779924,0.0015012876402744307,Bipartita,0.0006549010269817852,autor
UC_NRVt2UP88ZNTwzrZ66JSg,1,1,0.0,0.002857142857142857,0.002849002849002849,Bipartita,,autor
UC_ljZ1hZXR9pzexFz87P5ZA,1,1,0.0,0.03644314868804665,0.0015921333404745244,Bipartita,,autor
UCa36MjQLoPAmgJo-R3G8WQA,1,1,0.0,0.1326122448979592,0.0012314659094801786,Bipartita,2.719753877234905e-06,autor
UCaKAjTW9MVub_clgr4DRYjQ,1,1,0.0,0.17422779922779924,0.0015012876402744307,Bipartita,0.0006549010269817852,autor
UCaT4saRcyqCLE657Rq2hhZQ,1,1,0.0,0.1326122448979592,0.0012314659094801786,Bipartita,2.719753877234905e-06,autor
UCaT6M2zp7X6r6Whd8Vv3kHQ,1,1,0.0,0.03644314868804665,0.0015921333404745244,Bipartita,,autor
UCat2qkYvqmtDNEmo2PVuhXw,1,1,0.0,0.026448979591836733,0.0012806576023992745,Bipartita,,autor
UCbNanjFI51cwGqMAb2rOrBw,1,1,0.0,0.026448979591836733,0.0012806576023992745,Bipartita,,autor
UCbYoNG5J3Au5BqtbXogfEFw,1,1,0.0,0.170640756302521,0.0012735810348890395,Bipartita,0.00041358525581382504,autor
UCbrtvygfRT6QXqWDNrOf-cA,2,2,0.0645927138763815,0.17165046491969568,0.0024537677371217776,Bipartita,0.0001903088793496567,autor
UCcFIBN-rtC3d3hXeuN5TfWw,1,1,0.0,0.12357371063441351,0.0015133016567510666,Bipartita,2.364779232601078e-06,autor
UCc_F88PzGWtA1OPNUEASulA,1,1,0.0,0.12357371063441351,0.0015133016567510666,Bipartita,2.364779232601078e-06,autor
UCcfdg8crmMJwEuLUsAhV7yg,1,1,0.0,0.22186561048893746,0.0013102170967186151,Bipartita,0.04426701626519941,autor
UCdFlugHJJa4l3YqWuNRmvXw,2,2,0.03186246418338109,0.17607847387817038,0.0026983617584240773,Bipartita,0.000657540997451003,autor
UCdQAuWwyC99MB7Y02Umj26Q,1,1,0.0,0.12357371063441351,0.0015133016567510666,Bipartita,2.364779232601078e-06,autor
UCe8JZoYkX5oKUZyivHYdXhw,1,1,0.0,0.17422779922779924,0.0015012876402744307,Bipartita,0.0006549010269817852,autor
UCeDNEtI8_a42bZ47wJiJMwQ,1,1,0.0,0.17422779922779924,0.0015012876402744307,Bipartita,0.0006549010269817852,autor
UCeQk-WfEA-cJRq4EKeE7TOw,1,1,0.0,0.1326122448979592,0.0012314659094801786,Bipartita,2.719753877234905e-06,autor
UCefAH1MbvADWUjE9WVcB9EQ,1,1,0.0,0.12357371063441351,0.0015133016567510666,Bipartita,2.364779232601078e-06,autor
UCf5lnNZF7Qrtli9v4N_23WQ,1,1,0.0,0.170640756302521,0.0012735810348890395,Bipartita,0.00041358525581382504,autor
UCfM3nrxtTQMY5jFx1v1J4Gg,1,1,0.0,0.22186561048893746,0.0013102170967186151,Bipartita,0.04426701626519941,autor
UCfRqgt2O-vjzUDMZY_tnxQw,1,1,0.0,0.12383747522488185,0.0016244245455000741,Bipartita,2.639970469224111e-06,autor
UCfXykdbSU97rj987LDUGfvg,1,1,0.0,0.10232426303854876,0.0014900677837631294,Bipartita,1.1376327283817565e-08,autor
UCfjhejO7LZy4doXURa7LZCQ,1,1,0.0,0.10232426303854876,0.0014900677837631294,Bipartita,1.1376327283817565e-08,autor
UCfo_yUPzy1f1POwwZxhZ06Q,1,1,0.0,0.1326122448979592,0.0012314659094801786,Bipartita,2.719753877234905e-06,autor
UCg3eIfd7BrsLEqS0BLkftHA,1,3,0.0,0.170640756302521,0.0029660422499662637,Bipartita,0.0012407557674414444,autor
UCgGqw4aqMdMVSGkKiMgrJRQ,1,1,0.0,0.1326122448979592,0.0012314659094801786,Bipartita,2.719753877234905e-06,autor
UCgJNFj5dnxXpcMvmuhZDPxA,1,1,0.0,0.17422779922779924,0.0015012876402744307,Bipartita,0.0006549010269817852,autor
UCgLrWFdYitoP-b7-PxtUr-w,1,1,0.0,0.03644314868804665,0.0015921333404745244,Bipartita,,autor
UCgLurCo-e019HGODcjXHWCw,1,1,0.0,0.03644314868804665,0.0015921333404745244,Bipartita,,autor
UCgQJgI9vu1FI2dnC9mrFthw,1,1,0.0,0.170640756302521,0.0012735810348890395,Bipartita,0.00041358525581382504,autor
UCgQw_Sbq3ugruDUKsq1e0-A,1,1,0.0,0.17422779922779924,0.0015012876402744307,Bipartita,0.0006549010269817852,autor
UCgvw7xIdGFupzpt1Y_BFkEA,1,1,0.0,0.22186561048893746,0.0013102170967186151,Bipartita,0.04426701626519941,autor
UCh5ESQvtzyHDhCA7XyekCFA,1,3,0.0,0.22186561048893746,0.0030759504354549907,Bipartita,0.13280104879559815,autor
UChT7pzGytNd92Nmvi-zuWog,1,1,0.0,0.12357371063441351,0.0015133016567510666,Bipartita,2.364779232601078e-06,autor
UChZknRmJkeGeQk0-mQuhDOg,1,1,0.0,0.22186561048893746,0.0013102170967186151,Bipartita,0.04426701626519941,autor
UCheEJ5GZuIvV0fj-nXyVwXw,1,1,0.0,0.1326122448979592,0.0012314659094801786,Bipartita,2.719753877234905e-06,autor
UChep9kVb5gQmpodEEl10Xlg,1,1,0.0,0.22186561048893746,0.0013102170967186151,Bipartita,0.04426701626519941,autor
UChgkn5Jt5tWKYMoEOuCjz3Q,1,1,0.0,0.22186561048893746,0.0013102170967186151,Bipartita,0.04426701626519941,autor
UChs3tU2BcKOT0CezykvAsGw,1,3,0.0,0.22186561048893746,0.0030759504354549907,Bipartita,0.13280104879559815,autor
UChyps3dqY-VY1_wLeq-2lhw,1,1,0.0,0.1326122448979592,0.0012314659094801786,Bipartita,2.719753877234905e-06,autor
UCi-vPdnpQreC7BkFs40mJGA,1,1,0.0,0.03644314868804665,0.0015921333404745244,Bipartita,,autor
UCi1b_TRQfgO1Z9O2gNGGWNA,1,2,0.0,0.22186561048893746,0.0021930837660868027,Bipartita,0.08853403253039882,autor
UCi2KiZq63sRq8Mfbcp-MelQ,1,6,0.0,0.026448979591836733,0.0055471934776435096,Bipartita,,autor
UCiC-Jn7wdgyQV4_Urk0DkWQ,1,1,0.0,0.17422779922779924,0.0015012876402744307,Bipartita,0.0006549010269817852,autor
UCiGRBf2RNF0WRKhRVT7zFoA,1,1,0.0,0.22186561048893746,0.0013102170967186151,Bipartita,0.04426701626519941,autor
UCiMythXHsw7eQEMykCdmMUA,1,1,0.0,0.22186561048893746,0.0013102170967186151,Bipartita,0.04426701626519941,autor
UCiOZX__1gahg1ypIj0_XG_w,1,1,0.0,0.1326122448979592,0.0012314659094801786,Bipartita,2.719753877234905e-06,autor
UCipetjeiWj4CZB6EbyYziZg,1,1,0.0,0.22186561048893746,0.0013102170967186151,Bipartita,0.04426701626519941,autor
UCj-LL25XJnjxepPKCc3NGog,1,1,0.0,0.22186561048893746,0.0013102170967186151,Bipartita,0.04426701626519941,autor
UCjJf-AJKRFFWtiN-CSwkDmA,1,1,0.0,0.16792433326442008,0.0013678165077211386,Bipartita,0.00018794410011705324,autor
UCjSKM9j0Q7HLDr1hD6D-TUw,1,1,0.0,0.22186561048893746,0.0013102170967186151,Bipartita,0.04426701626519941,autor
UCjZgFEowMBrsjodqfovzdKw,2,2,0.05789602947196071,0.13461219754723236,0.0022941832658928806,Bipartita,2.731130204520287e-06,autor
UCjmPuazZJzscrwvk0QR9RVw,1,1,0.0,0.22186561048893746,0.0013102170967186151,Bipartita,0.04426701626519941,autor
UCk4O-J1BhoqPmig1KLGJePA,1,1,0.0,0.12383747522488185,0.0016244245455000741,Bipartita,2.639970469224111e-06,autor
UCkVtmkK07b2zaVVNssX4lOg,1,1,0.0,0.17422779922779924,0.0015012876402744307,Bipartita,0.0006549010269817852,autor
UCkbsS_3D-pvg1iHOld9uvIg,1,1,0.0,0.17422779922779924,0.0015012876402744307,Bipartita,0.0006549010269817852,autor
UCkd9W714-947dEE6ZOEBATA,1,2,0.0,0.22186561048893746,0.0021930837660868027,Bipartita,0.08853403253039882,autor
UCkxdJ_yGN2gghOMo2ybQtXQ,1,1,0.0,0.12357371063441351,0.0015133016567510666,Bipartita,2.364779232601078e-06,autor
UCl0ekS9Tt0jJGtOEM18S63w,1,1,0.0,0.22186561048893746,0.0013102170967186151,Bipartita,0.04426701626519941,autor
UCld2stqxaVSk0QdGncM224A,1,1,0.0,0.0065306122448979586,0.0018670735454650957,Bipartita,,autor
UClhMWQ7XKWywYvbRnuf8QsA,1,1,0.0,0.17422779922779924,0.0015012876402744307,Bipartita,0.0006549010269817852,autor
UCljDbleJul41G1TzOjOZAVA,1,1,0.0,0.22186561048893746,0.0013102170967186151,Bipartita,0.04426701626519941,autor
UClqA491Xa5fQcXcJJa-vTWw,1,1,0.0,0.17422779922779924,0.0015012876402744307,Bipartita,0.0006549010269817852,autor
UClsrFGJKWPxxw7MiaEdKLXw,1,1,0.0,0.170640756302521,0.0012735810348890395,Bipartita,0.00041358525581382504,autor
UCmjppp6ujz3SAnULvP3sZMw,1,1,0.0,0.22186561048893746,0.0013102170967186151,Bipartita,0.04426701626519941,autor
UCmvOgzmmXbjUthHy-WJ52hQ,1,1,0.0,0.22186561048893746,0.0013102170967186151,Bipartita,0.04426701626519941,autor
UCnU8wO1OurAmGstDw6VGjgQ,1,1,0.0,0.16792433326442008,0.0013678165077211386,Bipartita,0.00018794410011705324,autor
UCoGdCoJg2Lh0OX_jv6cG16g,1,2,0.0,0.1326122448979592,0.0020355813916099297,Bipartita,5.43950775446981e-06,autor
UColMq7LmaoY3MT6aIDGrGvA,1,1,0.0,0.17422779922779924,0.0015012876402744307,Bipartita,0.0006549010269817852,autor
UCozFYHN0e_-vlQbX3wQGOug,1,1,0.0,0.026448979591836733,0.0012806576023992745,Bipartita,,autor
UCp29O_C7cchZV8IxV7Crdag,1,2,0.0,0.1326122448979592,0.0020355813916099297,Bipartita,5.43950775446981e-06,autor
UCp4iw5_5SmV9VGTFSNVGOmQ,1,1,0.0,0.22186561048893746,0.0013102170967186151,Bipartita,0.04426701626519941,autor
UCpIdtvoFHVLGASGB5ySqIEA,1,1,0.0,0.22186561048893746,0.0013102170967186151,Bipartita,0.04426701626519941,autor
UCp_dAUfv8i3LW3zWc24dLaQ,1,1,0.0,0.026448979591836733,0.0012806576023992745,Bipartita,,autor
UCpe5jW3MIqkgTJ-PgkzvM6Q,1,1,0.0,0.17422779922779924,0.0015012876402744307,Bipartita,0.0006549010269817852,autor
UCpl8rF8uv_8uui-QRvuJaRA,1,1,0.0,0.22186561048893746,0.0013102170967186151,Bipartita,0.04426701626519941,autor
UCplrIQtaPj6au60_f2-mOYw,1,1,0.0,0.22186561048893746,0.0013102170967186151,Bipartita,0.04426701626519941,autor
UCpsKOkt5iWTbenzeuq7dsmQ,3,3,0.307228817028244,0.26552795031055904,0.0033246203900133297,Bipartita,0.04510986139229824,autor
UCq3mDTTRZnUybct5M9OSXbg,1,1,0.0,0.10232426303854876,0.0014900677837631294,Bipartita,1.1376327283817565e-08,autor
UCqCrvuoJpC-aVb0f4logQRQ,1,1,0.0,0.17422779922779924,0.0015012876402744307,Bipartita,0.0006549010269817852,autor
UCqilIa8r7iek5sGYg_q6ofA,1,1,0.0,0.03644314868804665,0.0015921333404745244,Bipartita,,autor
UCql1n3Ey6ULMSOACjMe-fxQ,1,1,0.0,0.1326122448979592,0.0012314659094801786,Bipartita,2.719753877234905e-06,autor
UCr1emrogPKkKTs_WTtx71xg,1,1,0.0,0.22186561048893746,0.0013102170967186151,Bipartita,0.04426701626519941,autor
UCrJn_rbo_ENAdeqneS-RmRw,1,2,0.0,0.22186561048893746,0.0021930837660868027,Bipartita,0.08853403253039882,autor
UCrqXyRsg-_hTosURZ-uvoKg,1,1,0.0,0.026448979591836733,0.0012806576023992745,Bipartita,,autor
UCsGoJEvb-cFPZ2rWoJcXzEQ,1,1,0.0,0.17422779922779924,0.0015012876402744307,Bipartita,0.0006549010269817852,autor
UCsJJAvrVGupdmhOqgtDp8dg,1,1,0.0,0.22186561048893746,0.0013102170967186151,Bipartita,0.04426701626519941,autor
UCsSXdJct-nsS8DsABoEsaYA,1,1,0.0,0.22186561048893746,0.0013102170967186151,Bipartita,0.04426701626519941,autor
UCsUCN0Yq_UyTvKjOJLmNrnQ,2,2,0.03186246418338109,0.22487541528239202,0.0024773446736437695,Bipartita,0.04444546096277515,autor
UCs_5qeqdku9tGAq22y3OcuQ,1,1,0.0,0.03644314868804665,0.0015921333404745244,Bipartita,,autor
UCsjs5Hp_r86x1xbK6FAeqaA,1,1,0.0,0.22186561048893746,0.0013102170967186151,Bipartita,0.04426701626519941,autor
UCtCtts20bW6F9CSohau51Iw,1,2,0.0,0.1326122448979592,0.0020355813916099297,Bipartita,5.43950775446981e-06,autor
UCtMBF_1O2jY2INlb_luuB_A,1,1,0.0,0.03644314868804665,0.0015921333404745244,Bipartita,,autor
UCtNfIBnc5S5DbbQj_yxgJTw,1,1,0.0,0.22186561048893746,0.0013102170967186151,Bipartita,0.04426701626519941,autor
UCtNyHmRZtvGF2hSvI2dUBWw,1,2,0.0,0.170640756302521,0.0021198116424276515,Bipartita,0.0008271705116276501,autor
UCtUR3_CAiE7fCoZHM6cMfyQ,1,1,0.0,0.22186561048893746,0.0013102170967186151,Bipartita,0.04426701626519941,autor
UCtiHFjFu7d5v2XxHnKFUYig,1,1,0.0,0.026448979591836733,0.0012806576023992745,Bipartita,,autor
UCtowGNY2lnlg6O2CkwDgkLg,1,1,0.0,0.0065306122448979586,0.0018670735454650957,Bipartita,,autor
UCtsxPYw8VUsH_FfnKg-0lmw,1,1,0.0,0.1326122448979592,0.0012314659094801786,Bipartita,2.719753877234905e-06,autor
UCu8_3-Wg-YzNyvHYQDEscfw,1,1,0.0,0.17422779922779924,0.0015012876402744307,Bipartita,0.0006549010269817852,autor
UCuP4UK33HKtJE_S39ksmaTw,1,1,0.0,0.170640756302521,0.0012735810348890395,Bipartita,0.00041358525581382504,autor
UCuXmOjxC-htcprLgeVXz6Tg,1,1,0.0,0.17422779922779924,0.0015012876402744307,Bipartita,0.0006549010269817852,autor
UCueV9cTyTDwgQSec1x2dYgA,1,1,0.0,0.22186561048893746,0.0013102170967186151,Bipartita,0.04426701626519941,autor
UCujPF2nBgsTD62nWE3lcpIg,1,1,0.0,0.22186561048893746,0.0013102170967186151,Bipartita,0.04426701626519941,autor
UCusjriFsDHEc2AOjqk-p5ig,1,1,0.0,0.170640756302521,0.0012735810348890395,Bipartita,0.00041358525581382504,autor
UCut6b9S98nv84cVX89PmKzA,1,2,0.0,0.22186561048893746,0.0021930837660868027,Bipartita,0.08853403253039882,autor
UCvApqeCbLod-wejtT4CcVuA,1,1,0.0,0.22186561048893746,0.0013102170967186151,Bipartita,0.04426701626519941,autor
UCvDwJBBY1mHK70aTEYl6rsA,1,1,0.0,0.1326122448979592,0.0012314659094801786,Bipartita,2.719753877234905e-06,autor
UCvcu1kR8xMYy_I1Ty-2mV2Q,3,4,0.027408923454768728,0.17318763326226014,0.004536042417337276,Bipartita,0.00037977163259943474,autor
UCvl1tzQeBeGy6efPTRJXSCw,1,1,0.0,0.10232426303854876,0.0014900677837631294,Bipartita,1.1376327283817565e-08,autor
UCwCfs-2zbD5k0lG-UVg_JBw,1,1,0.0,0.10232426303854876,0.0014900677837631294,Bipartita,1.1376327283817565e-08,autor
UCwEe1RKlEv1UpNWmWYfSh4w,1,1,0.0,0.12357371063441351,0.0015133016567510666,Bipartita,2.364779232601078e-06,autor
UCwO2SXr0ggzwg6QWWrr01nQ,1,1,0.0,0.22186561048893746,0.0013102170967186151,Bipartita,0.04426701626519941,autor
UCwUAv3_LpWVtTIi7lkmTL7A,1,1,0.0,0.03644314868804665,0.0015921333404745244,Bipartita,,autor
UCwW2OFy95P7ZBkOPxWkpvYg,1,2,0.0,0.22186561048893746,0.0021930837660868027,Bipartita,0.08853403253039882,autor
UCwgCc9Jd_gG-uLE_SY-FfPg,1,1,0.0,0.17422779922779924,0.0015012876402744307,Bipartita,0.0006549010269817852,autor
UCwha8rxULYMVtNwZWeSkE1A,1,1,0.0,0.22186561048893746,0.0013102170967186151,Bipartita,0.04426701626519941,autor
UCwjUvRseNtJoItylIyIez7Q,1,1,0.0,0.17422779922779924,0.0015012876402744307,Bipartita,0.0006549010269817852,autor
UCwxoKK59nGCeBqB2sXfDBIw,1,1,0.0,0.1326122448979592,0.0012314659094801786,Bipartita,2.719753877234905e-06,autor
UCxKR3RA8T-kxMgq_2WWhRcQ,1,1,0.0,0.03644314868804665,0.0015921333404745244,Bipartita,,autor
UCxcoDvP-g2_KTZDmVZtvb3w,1,1,0.0,0.12357371063441351,0.0015133016567510666,Bipartita,2.364779232601078e-06,autor
UCxff05WuyvwELNITi7bj7UA,1,1,0.0,0.22186561048893746,0.0013102170967186151,Bipartita,0.04426701626519941,autor
UCxhtlxPV8AYWaNNyU6S9H8Q,1,1,0.0,0.026448979591836733,0.0012806576023992745,Bipartita,,autor
UCyJhqmMbsvjpoarBBStA2kg,1,6,0.0,0.1326122448979592,0.005252043320128934,Bipartita,1.6318523263429563e-05,autor
UCySYJU5kUh7X8gVt9la2ISA,1,1,0.0,0.22186561048893746,0.0013102170967186151,Bipartita,0.04426701626519941,autor
UCyW68EGZey4ao_Vf2cR5Ztg,1,1,0.0,0.12227156405238597,0.0015691590271952158,Bipartita,1.5186531327348356e-06,autor
UCylqlpsh8ENNM1LqgQ1KbxA,2,3,0.0,0.24793956043956042,0.003458091522566622,Bipartita,0.04557681831916295,autor
UCyor0Mmm0ivLX2jIdyGp84Q,1,1,0.0,0.0038095238095238095,0.002194383313311013,Bipartita,,autor
UCyzf29IYjNw67gGIfsjgtxA,1,1,0.0,0.03644314868804665,0.0015921333404745244,Bipartita,,autor
UCz3gu01bmjNv0DpRq-K3XYg,1,2,0.0,0.22186561048893746,0.0021930837660868027,Bipartita,0.08853403253039883,autor
UCzSfZlOVxBSs5ObD25ywxDQ,1,1,0.0,0.22186561048893746,0.0013102170967186151,Bipartita,0.04426701626519942,autor
UCzZ6dDCEsLMXbc5pCFXIprw,2,2,0.17683176422431438,0.18273340832395948,0.0020776965170187906,Bipartita,0.0004163050096910591,autor
UCzoL2l5H5eVlorWGH8AZfAg,1,1,0.0,0.22186561048893746,0.0013102170967186151,Bipartita,0.04426701626519942,autor
6W4u8sGEnGM,32,45,0.187621776504298,0.15830247515104268,0.04258704960919235,Bipartita,4.343706185494511e-05,video
OkXlHx0hx-8,18,25,0.0025051166598444538,0.05142857142857143,0.02510606706252526,Bipartita,,video
j43HgwYFKfk,49,50,0.22721244371674174,0.2214422028353326,0.06319466982589136,Bipartita,0.010459393644539348,video
n8iP75gIpmw,128,161,0.5659598853868195,0.3045556805399325,0.16729048325787502,Bipartita,0.7069864445331138,video
b_Hkrkl3adA,7,7,0.0276545231273025,0.17796888694127957,0.00961446705127029,Bipartita,0.0028499319115860284,video
lj983NWyAQY,25,25,0.0049119934506754,0.07142857142857142,0.03427074056221097,Bipartita,,video
PjmxCj-a9Hg,19,25,0.24402783462955385,0.21567976633032393,0.02489845719622954,Bipartita,0.006605350759748099,video
06mFNPU0aB8,13,14,0.05471960704052395,0.1169714861751152,0.0175089303511094,Bipartita,1.8169079078755862e-07,video
is3Mk5oC19g,7,7,0.0276545231273025,0.14595687331536386,0.009861357965640024,Bipartita,4.2162844781451485e-05,video
ndAZjHqzzT8,10,12,0.12823577568563244,0.21135831381733022,0.013282064576976433,Bipartita,0.003001646424884068,video
s0eco-BofOs,1,1,0.0,0.002857142857142857,0.002849002849002849,Bipartita,,video
yLZS3JiEBg8,16,16,0.06372492836676218,0.14559060763577703,0.020447900670114542,Bipartita,3.77677784234448e-05,video
WIUZtitfLRw,6,6,0.023086369218174377,0.14378651088688266,0.008062240973786048,Bipartita,2.425433809170873e-05,video
JkpVO1hx2f8,3,3,4.911993450675399e-05,0.008571428571428572,0.005467480991770194,Bipartita,,video
3Nfp9h5avBI,2,2,1.637331150225133e-05,0.005714285714285714,0.004158241920386521,Bipartita,,video
TT4qJ5FXHYE,4,4,9.823986901350798e-05,0.011428571428571429,0.006776720063153866,Bipartita,,video
X_FAIef8qlE,1,1,0.0,0.002857142857142857,0.002849002849002849,Bipartita,,video
zweosulrwA8,1,1,0.0,0.002857142857142857,0.002849002849002849,Bipartita,,video
UhL9y3KUl8E,1,1,0.0,0.002857142857142857,0.002849002849002849,Bipartita,,video
UC-HeUTT6_g-VoiWds2a4H-w,31,31,0.0,0.2703838109369134,0.0031737991501789077,Autor-Autor,8.306085209627345e-06,
UC-Iul5tDYH_oiAMXQH-KaaQ,31,31,0.0,0.2703838109369134,0.0031737991501789077,Autor-Autor,8.306085209637424e-06,
UC-QOpE7GOxlXcHZ8b7HbQKA,17,17,0.0,0.0513595166163142,0.00304321363359708,Autor-Autor,,
UC-fiZBS5Gp1eCJd9ucgWnCg,48,48,3.0516646830846214e-06,0.3553255369233154,0.0028981626412299152,Autor-Autor,0.002218635774753282,
UC-hfX8J5JPJ-dfuakzegMLA,127,127,3.0516646830846214e-06,0.45422330067930783,0.003268711512314818,Autor-Autor,0.08835177314221061,
UC-jS_kA9w-OmpupXDx156Rg,127,127,3.0516646830846214e-06,0.45422330067930783,0.003268711512314818,Autor-Autor,0.08835177314221063,
UC-pNP6RMFuLg_-x7Ah_0kEA,127,127,3.0516646830846214e-06,0.45422330067930783,0.003268711512314818,Autor-Autor,0.08835177314221061,
UC094EFEmMSdwVa8NQjjYBXg,6,6,0.0,0.29826934757401025,0.0016697553162696441,Autor-Autor,0.0007242558070261509,
UC0HvfEWozTHbwl_iEmJNvVA,31,31,0.0,0.2703838109369134,0.0031737991501789077,Autor-Autor,8.306085209650577e-06,
UC0RpuMwkDKJYqgKHtsJRuWQ,24,24,0.0,0.07250755287009064,0.00304321363359708,Autor-Autor,,
UC0aEyakBPqcBkVJiErfSupQ,24,24,0.0,0.07250755287009064,0.00304321363359708,Autor-Autor,,
UC14qlobYKqD-DO0j6b75lcA,31,31,0.0,0.2703838109369134,0.0031737991501789077,Autor-Autor,8.30608520964717e-06,
UC1DpqK6vaPEkBOMNvypsKYg,48,48,3.0516646830846214e-06,0.3553255369233154,0.0028981626412299152,Autor-Autor,0.0022186357747533067,
UC1NiEdJ7gk6FlDexIalWnGg,31,31,0.0,0.2703838109369134,0.0031737991501789077,Autor-Autor,8.306085209644141e-06,
UC1WlJfQmaIskYhP4gmWoamw,17,17,0.0,0.0513595166163142,0.00304321363359708,Autor-Autor,,
UC1Y7x3h0c95Z8kUhi-Tzaeg,18,18,0.0,0.34828402475867654,0.002359046320435588,Autor-Autor,0.0008039764085493763,
UC1vr9aaMI2crB0NvwFHUeoQ,127,127,3.0516646830846214e-06,0.45422330067930783,0.003268711512314818,Autor-Autor,0.08835177314221061,
UC2Y_EHWQKevubk4vOEBBFxw,127,127,3.0516646830846214e-06,0.45422330067930783,0.003268711512314818,Autor-Autor,0.08835177314221064,
UC2ngpd8UBQu4gcUYy0goAtg,12,12,0.0,0.20846197102344144,0.002548612704496669,Autor-Autor,7.163946389142697e-08,
UC2weSE8rpqkGMOp6StYtVfg,127,127,3.0516646830846214e-06,0.45422330067930783,0.003268711512314818,Autor-Autor,0.08835177314221061,
UC32oozucwCF3q8d4m8fyOUg,48,48,3.0516646830846214e-06,0.3553255369233154,0.0028981626412299152,Autor-Autor,0.0022186357747533214,
UC3E9mAgP7VoAE5mZoAexl5g,127,127,3.0516646830846214e-06,0.45422330067930783,0.003268711512314818,Autor-Autor,0.08835177314221061,
UC3MYTqpQqlWBuCB7Th0e0PA,127,127,3.0516646830846214e-06,0.45422330067930783,0.003268711512314818,Autor-Autor,0.0883517731422106,
UC3NMzdMYryaw82kPTnsaljg,127,127,3.0516646830846214e-06,0.45422330067930783,0.003268711512314818,Autor-Autor,0.08835177314221064,
UC3UVO7pTbeYvZ3ILEyRDskQ,48,48,3.0516646830846214e-06,0.3553255369233154,0.0028981626412299152,Autor-Autor,0.0022186357747533535,
UC3XTwHxygNCgjndsg-UiCQA,127,127,3.0516646830846214e-06,0.45422330067930783,0.003268711512314818,Autor-Autor,0.08835177314221065,
UC3YpzAr7pcdKC7BVFEpYzog,31,31,0.0,0.2703838109369134,0.0031737991501789077,Autor-Autor,8.306085209642502e-06,
UC3iIU62XKUOWuqL8BqBzj9A,6,6,0.0,0.29826934757401025,0.0016697553162696441,Autor-Autor,0.0007242558070261322,
UC3qn1yJA5PeW9rkGPatQxiw,127,127,3.0516646830846214e-06,0.45422330067930783,0.003268711512314818,Autor-Autor,0.08835177314221061,
UC4Avya4kmR4Q0FrfFdBozSQ,48,48,3.0516646830846214e-06,0.3553255369233154,0.0028981626412299152,Autor-Autor,0.002218635774753302,
UC4cXueR2bKGFJV0Fk76gwmA,127,127,3.0516646830846214e-06,0.45422330067930783,0.003268711512314818,Autor-Autor,0.08835177314221061,
UC4kg7zuTfqQKLd2bkZrSYBA,6,6,0.0,0.2521791614146709,0.001806375196548455,Autor-Autor,1.8187069556101673e-05,
UC4wq3DcbfaG6dtCqn8Oyu3w,127,127,3.0516646830846214e-06,0.45422330067930783,0.003268711512314818,Autor-Autor,0.08835177314221061,
UC5H8ASmMC9WrURmzeB4ySog,127,127,3.0516646830846214e-06,0.45422330067930783,0.003268711512314818,Autor-Autor,0.0883517731422106,
UC5PrBbmUlQolwqmiru7yZhw,6,6,0.0,0.29826934757401025,0.0016697553162696441,Autor-Autor,0.0007242558070261363,
UC5PyGvSfFM--OVKmQ3COu6g,24,24,0.0,0.07250755287009064,0.00304321363359708,Autor-Autor,,
UC5bG9nc_JV3FsNP2KseQiYw,127,127,3.0516646830846214e-06,0.45422330067930783,0.003268711512314818,Autor-Autor,0.0883517731422106,
UC5fvhAfm89JH8eDFdvc0xYw,24,24,0.0,0.07250755287009064,0.00304321363359708,Autor-Autor,,
UC5hvEnRUzI4Kfvwnyi4QxqQ,48,48,3.0516646830846214e-06,0.3553255369233154,0.0028981626412299152,Autor-Autor,0.0022186357747533154,
UC5wuDq3U3vRAhOQI3D7gNdw,9,9,4.776518634393323e-06,0.34151617375439736,0.0019228331088015495,Autor-Autor,0.0007555358413171401,
UC63tFvbQ_hJhGDi2nbjssjw,31,31,0.0,0.2703838109369134,0.0031737991501789077,Autor-Autor,8.306085209653193e-06,
UC650pRT-OYzny3GwOH8Cgfw,127,127,3.0516646830846214e-06,0.45422330067930783,0.003268711512314818,Autor-Autor,0.08835177314221061,
UC6PvO1_k5lHKGdAPo5_C6TA,127,127,3.0516646830846214e-06,0.45422330067930783,0.003268711512314818,Autor-Autor,0.08835177314221064,
UC6Uj1FT5JjDSF8vudvDxPAA,48,48,3.0516646830846214e-06,0.3553255369233154,0.0028981626412299152,Autor-Autor,0.002218635774753289,
UC6YSZqL0vEcI-niPKIMUGfw,127,127,3.0516646830846214e-06,0.45422330067930783,0.003268711512314818,Autor-Autor,0.0883517731422106,
UC6xI_MOaxajIWpoP8BH6E_Q,0,0,0.0,0.0,0.00045648204503956184,Autor-Autor,,
UC72gBAtyb_VXQlYDcFrh6oQ,127,127,3.0516646830846214e-06,0.45422330067930783,0.003268711512314818,Autor-Autor,0.08835177314221061,
UC7IMsCxfZyWN7YQo8-JYa6Q,18,18,0.0,0.34828402475867654,0.002359046320435588,Autor-Autor,0.000803976408549349,
UC7VUuJr9cGh845CmTvf7TlQ,127,127,3.0516646830846214e-06,0.45422330067930783,0.003268711512314818,Autor-Autor,0.08835177314221061,
UC7dadZG7kkGYnsNu6td0FbA,48,48,3.0516646830846214e-06,0.3553255369233154,0.0028981626412299152,Autor-Autor,0.002218635774753322,
UC816IGbFCZinfYS1LRDaaHg,48,48,3.0516646830846214e-06,0.3553255369233154,0.0028981626412299152,Autor-Autor,0.002218635774753323,
UC8F2V63KZ4ZEay6opX2hAQw,127,127,3.0516646830846214e-06,0.45422330067930783,0.003268711512314818,Autor-Autor,0.0883517731422106,
UC8G5cJONY8L9voMyBW8Eoug,127,127,3.0516646830846214e-06,0.45422330067930783,0.003268711512314818,Autor-Autor,0.0883517731422106,
UC8r11yOugM2NuRfitQOxLLg,127,127,3.0516646830846214e-06,0.45422330067930783,0.003268711512314818,Autor-Autor,0.0883517731422106,
UC8xlJWNHz1V_W6q3fbuQH8g,18,18,0.0,0.34828402475867654,0.002359046320435588,Autor-Autor,0.0008039764085493704,
UC95PSMouTx2N5CbSq0hIyrQ,48,48,3.0516646830846214e-06,0.3553255369233154,0.0028981626412299152,Autor-Autor,0.002218635774753346,
UC9Wp6vL5oCU37qC3Aj94WZA,6,6,0.0,0.29826934757401025,0.0016697553162696441,Autor-Autor,0.0007242558070261559,
UC9vMq1YF-e7C-VO0SHkbUTA,127,127,3.0516646830846214e-06,0.45422330067930783,0.003268711512314818,Autor-Autor,0.08835177314221063,
UC9xr9QvIcDvoZNUX5f-jaZw,127,127,3.0516646830846214e-06,0.45422330067930783,0.003268711512314818,Autor-Autor,0.0883517731422106,
UCA93ym2TXs_Ibyxb4Vcn-6Q,127,127,3.0516646830846214e-06,0.45422330067930783,0.003268711512314818,Autor-Autor,0.08835177314221061,
UCAKuKvcbfnBD3kF5njNu-IA,48,48,3.0516646830846214e-06,0.3553255369233154,0.0028981626412299152,Autor-Autor,0.002218635774753318,
UCAV7QIjYhbDJaycQycM_0eQ,18,18,0.0,0.34828402475867654,0.002359046320435588,Autor-Autor,0.0008039764085493792,
UCAlzM_N6xBlMYmM8EBzX86Q,127,127,3.0516646830846214e-06,0.45422330067930783,0.003268711512314818,Autor-Autor,0.08835177314221061,
UCAmtbUiIrUIhikru0ZoTFig,127,127,3.0516646830846214e-06,0.45422330067930783,0.003268711512314818,Autor-Autor,0.08835177314221059,
UCAxvOOHQk7dYPOajzFEVtbA,12,12,0.0,0.20846197102344144,0.002548612704496669,Autor-Autor,7.163946386597552e-08,
UCB5p8a5gklc80jJItP6xTHg,127,127,3.0516646830846214e-06,0.45422330067930783,0.003268711512314818,Autor-Autor,0.08835177314221059,
UCBlm80VQ4YoV3bUJR_XhkaQ,17,17,0.0,0.0513595166163142,0.00304321363359708,Autor-Autor,,
UCBtB5dIyx-C16UN8ClUD2UA,6,6,0.0,0.2521791614146709,0.001806375196548455,Autor-Autor,1.818706955608736e-05,
UCCBYcToQ2dwkd6TJh0FSyDg,48,48,3.0516646830846214e-06,0.3553255369233154,0.0028981626412299152,Autor-Autor,0.0022186357747532915,
UCCUmP4PlbwgikVFpYwbtRTg,15,15,4.776518634393323e-06,0.2510706815842767,0.003038650949471555,Autor-Autor,1.338307535554362e-05,
UCCaYwkkbQGcvFoUmothVdQQ,127,127,3.0516646830846214e-06,0.45422330067930783,0.003268711512314818,Autor-Autor,0.08835177314221063,
UCDIMztpVm7G27qBuiWuT6oQ,127,127,3.0516646830846214e-06,0.45422330067930783,0.003268711512314818,Autor-Autor,0.0883517731422106,
UCDPWkUX3sNNaCx-m1dV4glA,127,127,3.0516646830846214e-06,0.45422330067930783,0.003268711512314818,Autor-Autor,0.08835177314221061,
UCDQaQv0hr2SS_PO-CMEwVHg,127,127,3.0516646830846214e-06,0.45422330067930783,0.003268711512314818,Autor-Autor,0.08835177314221061,
UCDUffaruH6dyUnUGwsTKpgg,127,127,3.0516646830846214e-06,0.45422330067930783,0.003268711512314818,Autor-Autor,0.08835177314221059,
UCDftMWXQoJ6nONfY7GVOVjg,127,127,3.0516646830846214e-06,0.45422330067930783,0.003268711512314818,Autor-Autor,0.08835177314221059,
UCDlr1VadSucIZgZ171pRBjQ,127,127,3.0516646830846214e-06,0.45422330067930783,0.003268711512314818,Autor-Autor,0.08835177314221063,
UCDrmf9y9nLgFY5wnA2hTuGA,48,48,3.0516646830846214e-06,0.3553255369233154,0.0028981626412299152,Autor-Autor,0.002218635774753327,
UCEHXl4VvvVpq-_4xC5tsbhg,31,31,0.0,0.2703838109369134,0.0031737991501789077,Autor-Autor,8.306085209645907e-06,
UCEgEQmRbtL5fwr9_DqAC--g,127,127,3.0516646830846214e-06,0.45422330067930783,0.003268711512314818,Autor-Autor,0.08835177314221063,
UCErZPJpHmLCsXs8ZWkAUupQ,127,127,3.0516646830846214e-06,0.45422330067930783,0.003268711512314818,Autor-Autor,0.08835177314221063,
UCFFrEmn6lPYiWyElpfzTy5Q,6,6,0.0,0.2521791614146709,0.001806375196548455,Autor-Autor,1.818706955608397e-05,
UCFOxCyF926Y9eHhMeVoWLzw,24,24,0.0,0.07250755287009064,0.00304321363359708,Autor-Autor,,
UCFUuDARXdmmIrLppEqf-rFg,127,127,3.0516646830846214e-06,0.45422330067930783,0.003268711512314818,Autor-Autor,0.0883517731422106,
UCFhxtoeARHPnXXPcDrOU3Xg,127,127,3.0516646830846214e-06,0.45422330067930783,0.003268711512314818,Autor-Autor,0.08835177314221064,
UCFjudnPLoaSL1BaRuLahyHg,127,127,3.0516646830846214e-06,0.45422330067930783,0.003268711512314818,Autor-Autor,0.0883517731422106,
UCFoIAE8k82D6AV-8gjjKaNg,127,127,3.0516646830846214e-06,0.45422330067930783,0.003268711512314818,Autor-Autor,0.0883517731422106,
UCFxE8GbokBrBsPEKM1xrOjQ,127,127,3.0516646830846214e-06,0.45422330067930783,0.003268711512314818,Autor-Autor,0.08835177314221061,
UCFybmWapGvBKcQod7cPPH9w,31,31,0.0,0.2703838109369134,0.0031737991501789077,Autor-Autor,8.306085209636023e-06,
UCGGHbtfbbe0o68etrOf0qxw,48,48,3.0516646830846214e-06,0.3553255369233154,0.0028981626412299152,Autor-Autor,0.0022186357747533084,
UCGX_UbAQOXGZknv5iqklwTA,18,18,0.0,0.34828402475867654,0.002359046320435588,Autor-Autor,0.0008039764085493723,
UCGZMgmM92E3njyXNe9-kjAQ,17,17,0.0,0.0513595166163142,0.00304321363359708,Autor-Autor,,
UCGj2v6Gl5bN8NSrzJMXS-CA,5,5,0.0,0.24834165243662154,0.0019964490731540488,Autor-Autor,6.20303538212306e-06,
UCGm3gRBEHGRJYmtCryZLtDw,6,6,0.0,0.29826934757401025,0.0016697553162696441,Autor-Autor,0.0007242558070261471,
UCGqKxQS-z3NZzZF-2w338AA,24,24,0.0,0.07250755287009064,0.00304321363359708,Autor-Autor,,
UCGzXwyCzMzGmjmCbH3Hg01Q,127,127,3.0516646830846214e-06,0.45422330067930783,0.003268711512314818,Autor-Autor,0.08835177314221063,
UCHGd14aYuZZShLD73dkk6mg,2,2,0.0,0.006042296072507553,0.003043213633597079,Autor-Autor,,
UCHMQ_lDhibZ-XZ_3fo6oxwg,24,24,0.0,0.07250755287009064,0.00304321363359708,Autor-Autor,,
UCHTGCgY2l-DQJIvlA_cpa_Q,145,145,0.2390216363026032,0.5169102267911581,0.005243132694827842,Autor-Autor,0.08846481571734059,
UCHbwIx9pmQuf7i-4_xO2EpA,48,48,3.0516646830846214e-06,0.3553255369233154,0.0028981626412299152,Autor-Autor,0.0022186357747533006,
UCHhHUjaMAZ8SiXdCUCj9DkQ,127,127,3.0516646830846214e-06,0.45422330067930783,0.003268711512314818,Autor-Autor,0.08835177314221061,
UCHu8x4MVkayU6VgwVKd--MQ,6,6,0.0,0.29826934757401025,0.0016697553162696441,Autor-Autor,0.0007242558070261639,
UCIUhbSCy3-SGRe5UtqM4fzQ,24,24,0.0,0.07250755287009064,0.00304321363359708,Autor-Autor,,
UCIXLDYqR_syskKRJy_x9W9Q,12,12,0.0,0.20846197102344144,0.002548612704496669,Autor-Autor,7.163946389013583e-08,
UCIgoiXdIKJyUGmUoH2Lxdzg,17,17,0.0,0.0513595166163142,0.00304321363359708,Autor-Autor,,
UCIp19h9igblA2YKfSLPDAug,24,24,0.0,0.07250755287009064,0.00304321363359708,Autor-Autor,,
UCJp3OrVYcBorC94sKwdch_A,9,9,4.776518634393323e-06,0.34151617375439736,0.0019228331088015495,Autor-Autor,0.0007555358413171293,
UCJxJC56BSAX-ArD0NAb9qnQ,1,1,0.0,0.0030211480362537764,0.003043213633597079,Autor-Autor,,
UCKDR0f2fu2UzWL8mBv5-BHw,127,127,3.0516646830846214e-06,0.45422330067930783,0.003268711512314818,Autor-Autor,0.08835177314221061,
UCKVzDUqbtdSMBcexaEtMmzQ,3,3,0.0,0.00906344410876133,0.0030432136335970775,Autor-Autor,,
UCL13XhnRzbGokEkCkEOb0-g,127,127,3.0516646830846214e-06,0.45422330067930783,0.003268711512314818,Autor-Autor,0.08835177314221063,
UCL1MT278vSaQ83ZDkVWn1gw,127,127,3.0516646830846214e-06,0.45422330067930783,0.003268711512314818,Autor-Autor,0.0883517731422106,
UCLFdHr9BEbXHkoJopbEPLZw,127,127,3.0516646830846214e-06,0.45422330067930783,0.003268711512314818,Autor-Autor,0.0883517731422106,
UCLXYp1Cvc5DLtq5UQL5D9vw,12,12,0.0,0.20846197102344144,0.002548612704496669,Autor-Autor,7.163946389051024e-08,
UCLggDc_a5HriXv7I1h02sOA,127,127,3.0516646830846214e-06,0.45422330067930783,0.003268711512314818,Autor-Autor,0.08835177314221061,
UCLh1Kde4_vI1sTZBkTNP7RQ,6,6,0.0,0.2521791614146709,0.001806375196548455,Autor-Autor,1.8187069556083682e-05,
UCN2N_wYOw6fMwCeSzdXLPIw,18,18,0.0,0.34828402475867654,0.002359046320435588,Autor-Autor,0.000803976408549377,
UCN6qbfPSzFtjhqUDZ3Cv3CQ,127,127,3.0516646830846214e-06,0.45422330067930783,0.003268711512314818,Autor-Autor,0.08835177314221061,
UCNBnKqWf4d-rS4HwJRQljmQ,127,127,3.0516646830846214e-06,0.45422330067930783,0.003268711512314818,Autor-Autor,0.08835177314221063,
UCNIeXbV_mEwpa412h1aqUWw,18,18,0.0,0.34828402475867654,0.002359046320435588,Autor-Autor,0.0008039764085493586,
UCNiMNUJvaRJb0_QLClqwVnA,3,3,0.0,0.00906344410876133,0.0030432136335970775,Autor-Autor,,
UCNkcuy42zEwddwEcOd_HpnA,127,127,3.0516646830846214e-06,0.45422330067930783,0.003268711512314818,Autor-Autor,0.08835177314221064,
UCNpt5CQlTzNjlAKY6CJtClQ,48,48,3.0516646830846214e-06,0.3553255369233154,0.0028981626412299152,Autor-Autor,0.002218635774753309,
UCO0zwwLWGyDgQmWPJ5Qrr1w,12,12,0.0,0.20846197102344144,0.002548612704496669,Autor-Autor,7.163946389428657e-08,
UCOARn3hnfkB7-_Rwa8Hoqcw,5,5,0.0,0.24834165243662154,0.0019964490731540488,Autor-Autor,6.203035382117324e-06,
UCOLGv5Pf6BF2wFcwUzgcvHg,127,127,3.0516646830846214e-06,0.45422330067930783,0.003268711512314818,Autor-Autor,0.08835177314221061,
UCOLHH4ZpMxPYF-Q6e6wvn5A,17,17,0.0,0.0513595166163142,0.00304321363359708,Autor-Autor,,
UCOS8ViEkccrTZx2w2ccxotA,127,127,3.0516646830846214e-06,0.45422330067930783,0.003268711512314818,Autor-Autor,0.0883517731422106,
UCOY3XpD9qMCRSA8AA8c4CAw,15,15,4.776518634393323e-06,0.2510706815842767,0.003038650949471555,Autor-Autor,1.3383075355545377e-05,
UCOcUI5XkTYNMSFhZNMIPpGg,48,48,3.0516646830846214e-06,0.3553255369233154,0.0028981626412299152,Autor-Autor,0.0022186357747533024,
UCOh6DaZC_x9HASnlRylEMfw,127,127,3.0516646830846214e-06,0.45422330067930783,0.003268711512314818,Autor-Autor,0.08835177314221063,
UCPLW0HE3siElqCgXfgWxMqg,0,0,0.0,0.0,0.00045648204503956184,Autor-Autor,,
UCPNXmbOBVeC4HS-xemvcPtQ,17,17,0.0,0.0513595166163142,0.00304321363359708,Autor-Autor,,
UCPZueDLrCS4BmTBRMA4q0fA,18,18,0.0,0.34828402475867654,0.002359046320435588,Autor-Autor,0.0008039764085493524,
UCQIdKuZ-OzuFqy0KjGrgesg,2,2,0.0,0.006042296072507553,0.003043213633597079,Autor-Autor,,
UCQM2tCKRRytVDRxNUfCDqQQ,0,0,0.0,0.0,0.00045648204503956184,Autor-Autor,,
UCQMMuADgqWUOcJpLwHOzC-g,17,17,0.0,0.0513595166163142,0.00304321363359708,Autor-Autor,,
UCQ_-LPP8JAbfkc-b1Q6NvWw,127,127,3.0516646830846214e-06,0.45422330067930783,0.003268711512314818,Autor-Autor,0.0883517731422106,
UCQgYjVngJRfPHDLGB5X6ZjA,127,127,3.0516646830846214e-06,0.45422330067930783,0.003268711512314818,Autor-Autor,0.08835177314221061,
UCQqetiwzzmRNTM5OWuXarGQ,127,127,3.0516646830846214e-06,0.45422330067930783,0.003268711512314818,Autor-Autor,0.08835177314221061,
UCQqlPPUGqAfWjd-FSh_qn7Q,48,48,3.0516646830846214e-06,0.3553255369233154,0.0028981626412299152,Autor-Autor,0.002218635774753285,
UCQtICyzWmhC5woCtbNgaSmg,127,127,3.0516646830846214e-06,0.45422330067930783,0.003268711512314818,Autor-Autor,0.08835177314221061,
UCQtSFINs1h6GHkpg9o5kMvg,127,127,3.0516646830846214e-06,0.45422330067930783,0.003268711512314818,Autor-Autor,0.08835177314221063,
UCQyOePccUP-fIJYzchAgZYw,48,48,3.0516646830846214e-06,0.3553255369233154,0.0028981626412299152,Autor-Autor,0.002218635774753304,
UCRAquv8el-tQ30bN7MlmySQ,48,48,3.0516646830846214e-06,0.3553255369233154,0.0028981626412299152,Autor-Autor,0.0022186357747533327,
UCRETAiYdh2dL5ZxB0_N1zDA,127,127,3.0516646830846214e-06,0.45422330067930783,0.003268711512314818,Autor-Autor,0.0883517731422106,
UCRcSR3Lvn9DZAmJpVPANfZQ,24,24,0.0,0.07250755287009064,0.00304321363359708,Autor-Autor,,
UCRelkU8JiZBytTzebJxaa-w,127,127,3.0516646830846214e-06,0.45422330067930783,0.003268711512314818,Autor-Autor,0.0883517731422106,
UCRfkkatKrNtAARnXMMYBGlA,31,31,0.0,0.2703838109369134,0.0031737991501789077,Autor-Autor,8.306085209651468e-06,
UCRlCV9zSn7avAWh-9_XFWqQ,127,127,3.0516646830846214e-06,0.45422330067930783,0.003268711512314818,Autor-Autor,0.08835177314221063,
UCRvPToDkkumha7WJAfCDk1A,48,48,3.0516646830846214e-06,0.3553255369233154,0.0028981626412299152,Autor-Autor,0.0022186357747533392,
UCRznz9-N3Qc1w-qNdLSIY2Q,24,24,0.0,0.07250755287009064,0.00304321363359708,Autor-Autor,,
UCSTAUWVc1_82DHYeqOsqEFA,24,24,0.0,0.07250755287009064,0.00304321363359708,Autor-Autor,,
UCSou6a2OuYGSvPjm5psquyA,127,127,3.0516646830846214e-06,0.45422330067930783,0.003268711512314818,Autor-Autor,0.08835177314221064,
UCTD6q1nyIe3Y7HhqjaMj72w,127,127,3.0516646830846214e-06,0.45422330067930783,0.003268711512314818,Autor-Autor,0.08835177314221061,
UCTP3O0rMnc8z8v8jaDQwL0w,127,127,3.0516646830846214e-06,0.45422330067930783,0.003268711512314818,Autor-Autor,0.08835177314221061,
UCTTILH6QCIxbTnEWxwRqs1g,15,15,4.776518634393323e-06,0.2510706815842767,0.003038650949471555,Autor-Autor,1.3383075355537505e-05,
UCThW2XNsAaBKme5PUt7n-Zg,127,127,3.0516646830846214e-06,0.45422330067930783,0.003268711512314818,Autor-Autor,0.08835177314221064,
UCTwSut16JyAg3mX6LVUNGqA,127,127,3.0516646830846214e-06,0.45422330067930783,0.003268711512314818,Autor-Autor,0.0883517731422106,
UCTylKrsqkrBKIqubMu_5N0Q,127,127,3.0516646830846214e-06,0.45422330067930783,0.003268711512314818,Autor-Autor,0.08835177314221064,
UCUIIIPTVDVHAXqhC_5V6lPA,127,127,3.0516646830846214e-06,0.45422330067930783,0.003268711512314818,Autor-Autor,0.08835177314221061,
UCUoYsrx1oZnCZ0usbBJn4fA,48,48,3.0516646830846214e-06,0.3553255369233154,0.0028981626412299152,Autor-Autor,0.0022186357747532802,
UCV0iizTBoOfdAFX_thfI9BA,127,127,3.0516646830846214e-06,0.45422330067930783,0.003268711512314818,Autor-Autor,0.08835177314221064,
UCV0lM03g5fg5pbPj97-sAtA,48,48,3.0516646830846214e-06,0.3553255369233154,0.0028981626412299152,Autor-Autor,0.002218635774753289,
UCV3fr-YOixFKCZBbJP1-X4w,31,31,0.0,0.2703838109369134,0.0031737991501789077,Autor-Autor,8.30608520963509e-06,
UCVC2QugcI1G4RvlCiUqd1aQ,9,9,4.776518634393323e-06,0.34151617375439736,0.0019228331088015495,Autor-Autor,0.0007555358413171417,
UCVQf0tzL7xRzFJsABVVULpg,18,18,0.0,0.34828402475867654,0.002359046320435588,Autor-Autor,0.0008039764085493898,
UCVdjCrh4tQoX3haNAZv-n5A,17,17,0.0,0.0513595166163142,0.00304321363359708,Autor-Autor,,
UCVhif9eV0f8plICen2DnpKA,5,5,0.0,0.24834165243662154,0.0019964490731540488,Autor-Autor,6.203035382117499e-06,
UCW-JC6lebVmf2P1dmY_L94g,48,48,3.0516646830846214e-06,0.3553255369233154,0.0028981626412299152,Autor-Autor,0.0022186357747532954,
UCW80DaMjQlEUibC98Cot-Dg,48,48,3.0516646830846214e-06,0.3553255369233154,0.0028981626412299152,Autor-Autor,0.0022186357747533227,
UCWIZUtKJ636y-4TYrNvok0g,127,127,3.0516646830846214e-06,0.45422330067930783,0.003268711512314818,Autor-Autor,0.08835177314221064,
UCWWkebAekppaL5b5CNlppuw,2,2,0.0,0.006042296072507553,0.003043213633597079,Autor-Autor,,
UCWaRixDdpgllTBf4V0jPnKQ,31,31,0.0,0.2703838109369134,0.0031737991501789077,Autor-Autor,8.306085209641065e-06,
UCWoAVGVqCn4xtINCMOTM4jg,48,48,3.0516646830846214e-06,0.3553255369233154,0.0028981626412299152,Autor-Autor,0.002218635774753341,
UCWvntqPQx99k_Z_skWKqNSA,31,31,0.0,0.2703838109369134,0.0031737991501789077,Autor-Autor,8.306085209655454e-06,
UCXN2s7DwTJm33xO-pNkAdaA,12,12,0.0,0.20846197102344144,0.002548612704496669,Autor-Autor,7.163946386575561e-08,
UCXO1BBohNWXkK9SBDAG2ySg,15,15,4.776518634393323e-06,0.2510706815842767,0.003038650949471555,Autor-Autor,1.3383075355533473e-05,
UCXSkL3ejZ8qWYyF_M7s_QKA,127,127,3.0516646830846214e-06,0.45422330067930783,0.003268711512314818,Autor-Autor,0.08835177314221065,
UCXVLc8CmAO813ubM-fLvCDw,15,15,4.776518634393323e-06,0.2510706815842767,0.003038650949471555,Autor-Autor,1.3383075355520764e-05,
UCXXh7yg5KUFIWylTiKVEFKQ,127,127,3.0516646830846214e-06,0.45422330067930783,0.003268711512314818,Autor-Autor,0.08835177314221063,
UCXgr7vXlRrsaskPdo097kGA,127,127,3.0516646830846214e-06,0.45422330067930783,0.003268711512314818,Autor-Autor,0.08835177314221061,
UCXl30Y_upRqbti52fmjK4YA,15,15,4.776518634393323e-06,0.2510706815842767,0.003038650949471555,Autor-Autor,1.3383075355543634e-05,
UCXmrpc6Li0spcKxtS0Q_ptg,24,24,0.0,0.07250755287009064,0.00304321363359708,Autor-Autor,,
UCXr8_5WtGeipe4haOoQDgyQ,127,127,3.0516646830846214e-06,0.45422330067930783,0.003268711512314818,Autor-Autor,0.08835177314221065,
UCY7Hq7F9Lnucf-Yr6JkHZNw,24,24,0.0,0.07250755287009064,0.00304321363359708,Autor-Autor,,
UCYN4wSQ1Sx4_LurxLlW7MPg,127,127,3.0516646830846214e-06,0.45422330067930783,0.003268711512314818,Autor-Autor,0.08835177314221059,
UCYwpX26TrCxq8TvbKGRYLXA,127,127,3.0516646830846214e-06,0.45422330067930783,0.003268711512314818,Autor-Autor,0.08835177314221061,
UCZ51R_9Q9C0c8I3pAWhtmjQ,127,127,3.0516646830846214e-06,0.45422330067930783,0.003268711512314818,Autor-Autor,0.08835177314221061,
UCZFQwqh90apuL8eFhvRBkUg,31,31,0.0,0.2703838109369134,0.0031737991501789077,Autor-Autor,8.306085209621661e-06,
UCZIQnb1fkwe39Iw2TAu-bGA,5,5,0.0,0.24834165243662154,0.0019964490731540488,Autor-Autor,6.2030353821098885e-06,
UCZLG9qH0tUjNhEGFIUt0CYw,127,127,3.0516646830846214e-06,0.45422330067930783,0.003268711512314818,Autor-Autor,0.08835177314221064,
UCZOmq6MwFDVoCaEl99BRRaw,9,9,4.776518634393323e-06,0.34151617375439736,0.0019228331088015495,Autor-Autor,0.0007555358413171316,
UCZeIIQrGAedW8tCbKWmGY-A,48,48,3.0516646830846214e-06,0.3553255369233154,0.0028981626412299152,Autor-Autor,0.0022186357747533214,
UCZjm6U576nX8WOiLhmMR3bw,17,17,0.0,0.0513595166163142,0.00304321363359708,Autor-Autor,,
UC_3xuTXvMIWU5MYP9HkJ3vQ,12,12,0.0,0.20846197102344144,0.002548612704496669,Autor-Autor,7.163946389656728e-08,
UC_6KbBY1bsYXz9fwFS0eQRg,9,9,4.776518634393323e-06,0.34151617375439736,0.0019228331088015495,Autor-Autor,0.0007555358413171436,
UC_LYoGs5C3mbZKZuKuqYCvw,48,48,3.0516646830846214e-06,0.3553255369233154,0.0028981626412299152,Autor-Autor,0.002218635774753311,
UC_NRVt2UP88ZNTwzrZ66JSg,0,0,0.0,0.0,0.00045648204503956184,Autor-Autor,,
UC_ljZ1hZXR9pzexFz87P5ZA,24,24,0.0,0.07250755287009064,0.00304321363359708,Autor-Autor,,
UCa36MjQLoPAmgJo-R3G8WQA,31,31,0.0,0.2703838109369134,0.0031737991501789077,Autor-Autor,8.30608520964493e-06,
UCaKAjTW9MVub_clgr4DRYjQ,48,48,3.0516646830846214e-06,0.3553255369233154,0.0028981626412299152,Autor-Autor,0.0022186357747532802,
UCaT4saRcyqCLE657Rq2hhZQ,31,31,0.0,0.2703838109369134,0.0031737991501789077,Autor-Autor,8.306085209638344e-06,
UCaT6M2zp7X6r6Whd8Vv3kHQ,24,24,0.0,0.07250755287009064,0.00304321363359708,Autor-Autor,,
UCat2qkYvqmtDNEmo2PVuhXw,17,17,0.0,0.0513595166163142,0.00304321363359708,Autor-Autor,,
UCbNanjFI51cwGqMAb2rOrBw,17,17,0.0,0.0513595166163142,0.00304321363359708,Autor-Autor,,
UCbYoNG5J3Au5BqtbXogfEFw,18,18,0.0,0.34828402475867654,0.002359046320435588,Autor-Autor,0.0008039764085493582,
UCbrtvygfRT6QXqWDNrOf-cA,23,24,0.032683328755836266,0.34881575609418597,0.004537389467839012,Autor-Autor,0.0007629599953763583,
UCcFIBN-rtC3d3hXeuN5TfWw,15,15,4.776518634393323e-06,0.2510706815842767,0.003038650949471555,Autor-Autor,1.3383075355527133e-05,
UCc_F88PzGWtA1OPNUEASulA,15,15,4.776518634393323e-06,0.2510706815842767,0.003038650949471555,Autor-Autor,1.3383075355564355e-05,
UCcfdg8crmMJwEuLUsAhV7yg,127,127,3.0516646830846214e-06,0.45422330067930783,0.003268711512314818,Autor-Autor,0.08835177314221059,
UCdFlugHJJa4l3YqWuNRmvXw,54,54,0.02955537245567456,0.3586724022632525,0.004416353688681809,Autor-Autor,0.0022194880499715754,
UCdQAuWwyC99MB7Y02Umj26Q,15,15,4.776518634393323e-06,0.2510706815842767,0.003038650949471555,Autor-Autor,1.3383075355527166e-05,
UCe8JZoYkX5oKUZyivHYdXhw,48,48,3.0516646830846214e-06,0.3553255369233154,0.0028981626412299152,Autor-Autor,0.0022186357747533214,
UCeDNEtI8_a42bZ47wJiJMwQ,48,48,3.0516646830846214e-06,0.3553255369233154,0.0028981626412299152,Autor-Autor,0.002218635774753347,
UCeQk-WfEA-cJRq4EKeE7TOw,31,31,0.0,0.2703838109369134,0.0031737991501789077,Autor-Autor,8.3060852096277e-06,
UCefAH1MbvADWUjE9WVcB9EQ,15,15,4.776518634393323e-06,0.2510706815842767,0.003038650949471555,Autor-Autor,1.338307535552086e-05,
UCf5lnNZF7Qrtli9v4N_23WQ,18,18,0.0,0.34828402475867654,0.002359046320435588,Autor-Autor,0.0008039764085493671,
UCfM3nrxtTQMY5jFx1v1J4Gg,127,127,3.0516646830846214e-06,0.45422330067930783,0.003268711512314818,Autor-Autor,0.08835177314221063,
UCfRqgt2O-vjzUDMZY_tnxQw,6,6,0.0,0.2521791614146709,0.001806375196548455,Autor-Autor,1.818706955609331e-05,
UCfXykdbSU97rj987LDUGfvg,12,12,0.0,0.20846197102344144,0.002548612704496669,Autor-Autor,7.163946389369686e-08,
UCfjhejO7LZy4doXURa7LZCQ,12,12,0.0,0.20846197102344144,0.002548612704496669,Autor-Autor,7.16394638575963e-08,
UCfo_yUPzy1f1POwwZxhZ06Q,31,31,0.0,0.2703838109369134,0.0031737991501789077,Autor-Autor,8.306085209630157e-06,
UCg3eIfd7BrsLEqS0BLkftHA,18,18,0.0,0.34828402475867654,0.002359046320435588,Autor-Autor,0.0008039764085493672,
UCgGqw4aqMdMVSGkKiMgrJRQ,31,31,0.0,0.2703838109369134,0.0031737991501789077,Autor-Autor,8.30608520965031e-06,
UCgJNFj5dnxXpcMvmuhZDPxA,48,48,3.0516646830846214e-06,0.3553255369233154,0.0028981626412299152,Autor-Autor,0.0022186357747533162,
UCgLrWFdYitoP-b7-PxtUr-w,24,24,0.0,0.07250755287009064,0.00304321363359708,Autor-Autor,,
UCgLurCo-e019HGODcjXHWCw,24,24,0.0,0.07250755287009064,0.00304321363359708,Autor-Autor,,
UCgQJgI9vu1FI2dnC9mrFthw,18,18,0.0,0.34828402475867654,0.002359046320435588,Autor-Autor,0.0008039764085493544,
UCgQw_Sbq3ugruDUKsq1e0-A,48,48,3.0516646830846214e-06,0.3553255369233154,0.0028981626412299152,Autor-Autor,0.002218635774753324,
UCgvw7xIdGFupzpt1Y_BFkEA,127,127,3.0516646830846214e-06,0.45422330067930783,0.003268711512314818,Autor-Autor,0.08835177314221063,
UCh5ESQvtzyHDhCA7XyekCFA,127,127,3.0516646830846214e-06,0.45422330067930783,0.003268711512314818,Autor-Autor,0.08835177314221063,
UChT7pzGytNd92Nmvi-zuWog,15,15,4.776518634393323e-06,0.2510706815842767,0.003038650949471555,Autor-Autor,1.3383075355525973e-05,
UChZknRmJkeGeQk0-mQuhDOg,127,127,3.0516646830846214e-06,0.45422330067930783,0.003268711512314818,Autor-Autor,0.08835177314221061,
UCheEJ5GZuIvV0fj-nXyVwXw,31,31,0.0,0.2703838109369134,0.0031737991501789077,Autor-Autor,8.306085209625746e-06,
UChep9kVb5gQmpodEEl10Xlg,127,127,3.0516646830846214e-06,0.45422330067930783,0.003268711512314818,Autor-Autor,0.08835177314221061,
UChgkn5Jt5tWKYMoEOuCjz3Q,127,127,3.0516646830846214e-06,0.45422330067930783,0.003268711512314818,Autor-Autor,0.0883517731422106,
UChs3tU2BcKOT0CezykvAsGw,127,127,3.0516646830846214e-06,0.45422330067930783,0.003268711512314818,Autor-Autor,0.08835177314221063,
UChyps3dqY-VY1_wLeq-2lhw,31,31,0.0,0.2703838109369134,0.0031737991501789077,Autor-Autor,8.306085209643703e-06,
UCi-vPdnpQreC7BkFs40mJGA,24,24,0.0,0.07250755287009064,0.00304321363359708,Autor-Autor,,
UCi1b_TRQfgO1Z9O2gNGGWNA,127,127,3.0516646830846214e-06,0.45422330067930783,0.003268711512314818,Autor-Autor,0.0883517731422106,
UCi2KiZq63sRq8Mfbcp-MelQ,17,17,0.0,0.0513595166163142,0.00304321363359708,Autor-Autor,,
UCiC-Jn7wdgyQV4_Urk0DkWQ,48,48,3.0516646830846214e-06,0.3553255369233154,0.0028981626412299152,Autor-Autor,0.0022186357747533306,
UCiGRBf2RNF0WRKhRVT7zFoA,127,127,3.0516646830846214e-06,0.45422330067930783,0.003268711512314818,Autor-Autor,0.08835177314221061,
UCiMythXHsw7eQEMykCdmMUA,127,127,3.0516646830846214e-06,0.45422330067930783,0.003268711512314818,Autor-Autor,0.0883517731422106,
UCiOZX__1gahg1ypIj0_XG_w,31,31,0.0,0.2703838109369134,0.0031737991501789077,Autor-Autor,8.306085209643345e-06,
UCipetjeiWj4CZB6EbyYziZg,127,127,3.0516646830846214e-06,0.45422330067930783,0.003268711512314818,Autor-Autor,0.08835177314221063,
UCj-LL25XJnjxepPKCc3NGog,127,127,3.0516646830846214e-06,0.45422330067930783,0.003268711512314818,Autor-Autor,0.08835177314221063,
UCjJf-AJKRFFWtiN-CSwkDmA,9,9,4.776518634393323e-06,0.34151617375439736,0.0019228331088015495,Autor-Autor,0.0007555358413171275,
UCjSKM9j0Q7HLDr1hD6D-TUw,127,127,3.0516646830846214e-06,0.45422330067930783,0.003268711512314818,Autor-Autor,0.08835177314221063,
UCjZgFEowMBrsjodqfovzdKw,43,43,0.05778632243889041,0.27427889584836956,0.005323075459191375,Autor-Autor,8.312799489767244e-06,
UCjmPuazZJzscrwvk0QR9RVw,127,127,3.0516646830846214e-06,0.45422330067930783,0.003268711512314818,Autor-Autor,0.08835177314221061,
UCk4O-J1BhoqPmig1KLGJePA,6,6,0.0,0.2521791614146709,0.001806375196548455,Autor-Autor,1.8187069556126033e-05,
UCkVtmkK07b2zaVVNssX4lOg,48,48,3.0516646830846214e-06,0.3553255369233154,0.0028981626412299152,Autor-Autor,0.002218635774753314,
UCkbsS_3D-pvg1iHOld9uvIg,48,48,3.0516646830846214e-06,0.3553255369233154,0.0028981626412299152,Autor-Autor,0.0022186357747533015,
UCkd9W714-947dEE6ZOEBATA,127,127,3.0516646830846214e-06,0.45422330067930783,0.003268711512314818,Autor-Autor,0.08835177314221061,
UCkxdJ_yGN2gghOMo2ybQtXQ,15,15,4.776518634393323e-06,0.2510706815842767,0.003038650949471555,Autor-Autor,1.3383075355552777e-05,
UCl0ekS9Tt0jJGtOEM18S63w,127,127,3.0516646830846214e-06,0.45422330067930783,0.003268711512314818,Autor-Autor,0.08835177314221064,
UCld2stqxaVSk0QdGncM224A,3,3,0.0,0.00906344410876133,0.0030432136335970775,Autor-Autor,,
UClhMWQ7XKWywYvbRnuf8QsA,48,48,3.0516646830846214e-06,0.3553255369233154,0.0028981626412299152,Autor-Autor,0.0022186357747533093,
UCljDbleJul41G1TzOjOZAVA,127,127,3.0516646830846214e-06,0.45422330067930783,0.003268711512314818,Autor-Autor,0.0883517731422106,
UClqA491Xa5fQcXcJJa-vTWw,48,48,3.0516646830846214e-06,0.3553255369233154,0.0028981626412299152,Autor-Autor,0.0022186357747532998,
UClsrFGJKWPxxw7MiaEdKLXw,18,18,0.0,0.34828402475867654,0.002359046320435588,Autor-Autor,0.000803976408549372,
UCmjppp6ujz3SAnULvP3sZMw,127,127,3.0516646830846214e-06,0.45422330067930783,0.003268711512314818,Autor-Autor,0.0883517731422106,
UCmvOgzmmXbjUthHy-WJ52hQ,127,127,3.0516646830846214e-06,0.45422330067930783,0.003268711512314818,Autor-Autor,0.08835177314221061,
UCnU8wO1OurAmGstDw6VGjgQ,9,9,4.776518634393323e-06,0.34151617375439736,0.0019228331088015495,Autor-Autor,0.0007555358413171296,
UCoGdCoJg2Lh0OX_jv6cG16g,31,31,0.0,0.2703838109369134,0.0031737991501789077,Autor-Autor,8.306085209643386e-06,
UColMq7LmaoY3MT6aIDGrGvA,48,48,3.0516646830846214e-06,0.3553255369233154,0.0028981626412299152,Autor-Autor,0.0022186357747533488,
UCozFYHN0e_-vlQbX3wQGOug,17,17,0.0,0.0513595166163142,0.00304321363359708,Autor-Autor,,
UCp29O_C7cchZV8IxV7Crdag,31,31,0.0,0.2703838109369134,0.0031737991501789077,Autor-Autor,8.306085209653374e-06,
UCp4iw5_5SmV9VGTFSNVGOmQ,127,127,3.0516646830846214e-06,0.45422330067930783,0.003268711512314818,Autor-Autor,0.08835177314221064,
UCpIdtvoFHVLGASGB5ySqIEA,127,127,3.0516646830846214e-06,0.45422330067930783,0.003268711512314818,Autor-Autor,0.08835177314221061,
UCp_dAUfv8i3LW3zWc24dLaQ,17,17,0.0,0.0513595166163142,0.00304321363359708,Autor-Autor,,
UCpe5jW3MIqkgTJ-PgkzvM6Q,48,48,3.0516646830846214e-06,0.3553255369233154,0.0028981626412299152,Autor-Autor,0.00221863577475334,
UCpl8rF8uv_8uui-QRvuJaRA,127,127,3.0516646830846214e-06,0.45422330067930783,0.003268711512314818,Autor-Autor,0.08835177314221059,
UCplrIQtaPj6au60_f2-mOYw,127,127,3.0516646830846214e-06,0.45422330067930783,0.003268711512314818,Autor-Autor,0.08835177314221061,
UCpsKOkt5iWTbenzeuq7dsmQ,183,184,0.2202830883377316,0.541408341804957,0.00733003416017253,Autor-Autor,0.08992132562876522,
UCq3mDTTRZnUybct5M9OSXbg,12,12,0.0,0.20846197102344144,0.002548612704496669,Autor-Autor,7.163946386572906e-08,
UCqCrvuoJpC-aVb0f4logQRQ,48,48,3.0516646830846214e-06,0.3553255369233154,0.0028981626412299152,Autor-Autor,0.002218635774753318,
UCqilIa8r7iek5sGYg_q6ofA,24,24,0.0,0.07250755287009064,0.00304321363359708,Autor-Autor,,
UCql1n3Ey6ULMSOACjMe-fxQ,31,31,0.0,0.2703838109369134,0.0031737991501789077,Autor-Autor,8.306085209625212e-06,
UCr1emrogPKkKTs_WTtx71xg,127,127,3.0516646830846214e-06,0.45422330067930783,0.003268711512314818,Autor-Autor,0.0883517731422106,
UCrJn_rbo_ENAdeqneS-RmRw,127,127,3.0516646830846214e-06,0.45422330067930783,0.003268711512314818,Autor-Autor,0.08835177314221061,
UCrqXyRsg-_hTosURZ-uvoKg,17,17,0.0,0.0513595166163142,0.00304321363359708,Autor-Autor,,
UCsGoJEvb-cFPZ2rWoJcXzEQ,48,48,3.0516646830846214e-06,0.3553255369233154,0.0028981626412299152,Autor-Autor,0.0022186357747533128,
UCsJJAvrVGupdmhOqgtDp8dg,127,127,3.0516646830846214e-06,0.45422330067930783,0.003268711512314818,Autor-Autor,0.08835177314221059,
UCsSXdJct-nsS8DsABoEsaYA,127,127,3.0516646830846214e-06,0.45422330067930783,0.003268711512314818,Autor-Autor,0.08835177314221061,
UCsUCN0Yq_UyTvKjOJLmNrnQ,133,133,0.02955537245567456,0.4597068817740278,0.004680699718536436,Autor-Autor,0.08838571292971147,
UCs_5qeqdku9tGAq22y3OcuQ,24,24,0.0,0.07250755287009064,0.00304321363359708,Autor-Autor,,
UCsjs5Hp_r86x1xbK6FAeqaA,127,127,3.0516646830846214e-06,0.45422330067930783,0.003268711512314818,Autor-Autor,0.08835177314221061,
UCtCtts20bW6F9CSohau51Iw,31,31,0.0,0.2703838109369134,0.0031737991501789077,Autor-Autor,8.306085209631133e-06,
UCtMBF_1O2jY2INlb_luuB_A,24,24,0.0,0.07250755287009064,0.00304321363359708,Autor-Autor,,
UCtNfIBnc5S5DbbQj_yxgJTw,127,127,3.0516646830846214e-06,0.45422330067930783,0.003268711512314818,Autor-Autor,0.08835177314221061,
UCtNyHmRZtvGF2hSvI2dUBWw,18,18,0.0,0.34828402475867654,0.002359046320435588,Autor-Autor,0.000803976408549355,
UCtUR3_CAiE7fCoZHM6cMfyQ,127,127,3.0516646830846214e-06,0.45422330067930783,0.003268711512314818,Autor-Autor,0.08835177314221063,
UCtiHFjFu7d5v2XxHnKFUYig,17,17,0.0,0.0513595166163142,0.00304321363359708,Autor-Autor,,
UCtowGNY2lnlg6O2CkwDgkLg,3,3,0.0,0.00906344410876133,0.0030432136335970775,Autor-Autor,,
UCtsxPYw8VUsH_FfnKg-0lmw,31,31,0.0,0.2703838109369134,0.0031737991501789077,Autor-Autor,8.306085209649285e-06,
UCu8_3-Wg-YzNyvHYQDEscfw,48,48,3.0516646830846214e-06,0.3553255369233154,0.0028981626412299152,Autor-Autor,0.0022186357747533323,
UCuP4UK33HKtJE_S39ksmaTw,18,18,0.0,0.34828402475867654,0.002359046320435588,Autor-Autor,0.000803976408549391,
UCuXmOjxC-htcprLgeVXz6Tg,48,48,3.0516646830846214e-06,0.3553255369233154,0.0028981626412299152,Autor-Autor,0.0022186357747532768,
UCueV9cTyTDwgQSec1x2dYgA,127,127,3.0516646830846214e-06,0.45422330067930783,0.003268711512314818,Autor-Autor,0.08835177314221063,
UCujPF2nBgsTD62nWE3lcpIg,127,127,3.0516646830846214e-06,0.45422330067930783,0.003268711512314818,Autor-Autor,0.08835177314221061,
UCusjriFsDHEc2AOjqk-p5ig,18,18,0.0,0.34828402475867654,0.002359046320435588,Autor-Autor,0.0008039764085493625,
UCut6b9S98nv84cVX89PmKzA,127,127,3.0516646830846214e-06,0.45422330067930783,0.003268711512314818,Autor-Autor,0.08835177314221061,
UCvApqeCbLod-wejtT4CcVuA,127,127,3.0516646830846214e-06,0.45422330067930783,0.003268711512314818,Autor-Autor,0.08835177314221064,
UCvDwJBBY1mHK70aTEYl6rsA,31,31,0.0,0.2703838109369134,0.0031737991501789077,Autor-Autor,8.306085209652696e-06,
UCvcu1kR8xMYy_I1Ty-2mV2Q,28,29,0.057401812688821684,0.35149895421798744,0.006193584266399186,Autor-Autor,0.0007632003549177718,
UCvl1tzQeBeGy6efPTRJXSCw,12,12,0.0,0.20846197102344144,0.002548612704496669,Autor-Autor,7.163946387225844e-08,
UCwCfs-2zbD5k0lG-UVg_JBw,12,12,0.0,0.20846197102344144,0.002548612704496669,Autor-Autor,7.163946388668872e-08,
UCwEe1RKlEv1UpNWmWYfSh4w,15,15,4.776518634393323e-06,0.2510706815842767,0.003038650949471555,Autor-Autor,1.3383075355551828e-05,
UCwO2SXr0ggzwg6QWWrr01nQ,127,127,3.0516646830846214e-06,0.45422330067930783,0.003268711512314818,Autor-Autor,0.08835177314221061,
UCwUAv3_LpWVtTIi7lkmTL7A,24,24,0.0,0.07250755287009064,0.00304321363359708,Autor-Autor,,
UCwW2OFy95P7ZBkOPxWkpvYg,127,127,3.0516646830846214e-06,0.45422330067930783,0.003268711512314818,Autor-Autor,0.08835177314221065,
UCwgCc9Jd_gG-uLE_SY-FfPg,48,48,3.0516646830846214e-06,0.3553255369233154,0.0028981626412299152,Autor-Autor,0.002218635774753336,
UCwha8rxULYMVtNwZWeSkE1A,127,127,3.0516646830846214e-06,0.45422330067930783,0.003268711512314818,Autor-Autor,0.08835177314221064,
UCwjUvRseNtJoItylIyIez7Q,48,48,3.0516646830846214e-06,0.3553255369233154,0.0028981626412299152,Autor-Autor,0.002218635774753326,
UCwxoKK59nGCeBqB2sXfDBIw,31,31,0.0,0.2703838109369134,0.0031737991501789077,Autor-Autor,8.306085209641028e-06,
UCxKR3RA8T-kxMgq_2WWhRcQ,24,24,0.0,0.07250755287009064,0.00304321363359708,Autor-Autor,,
UCxcoDvP-g2_KTZDmVZtvb3w,15,15,4.776518634393323e-06,0.2510706815842767,0.003038650949471555,Autor-Autor,1.3383075355548086e-05,
UCxff05WuyvwELNITi7bj7UA,127,127,3.0516646830846214e-06,0.45422330067930783,0.003268711512314818,Autor-Autor,0.08835177314221061,
UCxhtlxPV8AYWaNNyU6S9H8Q,17,17,0.0,0.0513595166163142,0.00304321363359708,Autor-Autor,,
UCyJhqmMbsvjpoarBBStA2kg,31,31,0.0,0.2703838109369134,0.0031737991501789077,Autor-Autor,8.306085209635456e-06,
UCySYJU5kUh7X8gVt9la2ISA,127,127,3.0516646830846214e-06,0.45422330067930783,0.003268711512314818,Autor-Autor,0.08835177314221061,
UCyW68EGZey4ao_Vf2cR5Ztg,5,5,0.0,0.24834165243662154,0.0019964490731540488,Autor-Autor,6.203035382114327e-06,
UCylqlpsh8ENNM1LqgQ1KbxA,174,175,0.09364643412981781,0.5077207116482041,0.005727961087341258,Autor-Autor,0.08986851184198356,
UCyor0Mmm0ivLX2jIdyGp84Q,1,1,0.0,0.0030211480362537764,0.003043213633597079,Autor-Autor,,
UCyzf29IYjNw67gGIfsjgtxA,24,24,0.0,0.07250755287009064,0.00304321363359708,Autor-Autor,,
UCz3gu01bmjNv0DpRq-K3XYg,127,127,3.0516646830846214e-06,0.45422330067930783,0.003268711512314818,Autor-Autor,0.0883517731422106,
UCzSfZlOVxBSs5ObD25ywxDQ,127,127,3.0516646830846214e-06,0.45422330067930783,0.003268711512314818,Autor-Autor,0.0883517731422106,
UCzZ6dDCEsLMXbc5pCFXIprw,49,49,0.18266044127071318,0.3727150411773113,0.0050979354025684495,Autor-Autor,0.0008059875160367771,
UCzoL2l5H5eVlorWGH8AZfAg,127,127,3.0516646830846214e-06,0.45422330067930783,0.003268711512314818,Autor-Autor,0.08835177314221063,
6W4u8sGEnGM,2,2,0.05228758169934641,0.18,0.09065129790108671,Video-Video,0.04461470157502867,
OkXlHx0hx-8,0,0,0.0,0.0,0.01321585903083759,Video-Video,,
j43HgwYFKfk,3,4,0.05228758169934641,0.25,0.1255349590319854,Video-Video,0.456848695086042,
n8iP75gIpmw,4,5,0.1503267973856209,0.3,0.15865222271285587,Video-Video,0.4846520457613396,
b_Hkrkl3adA,1,1,0.0,0.1956521739130435,0.040186079749626194,Video-Video,0.13513192186136258,
lj983NWyAQY,0,0,0.0,0.0,0.01321585903083759,Video-Video,,
PjmxCj-a9Hg,2,2,0.09150326797385622,0.23684210526315788,0.07871125882598357,Video-Video,0.14757150696129542,
06mFNPU0aB8,1,1,0.0,0.13636363636363635,0.05174103810719495,Video-Video,0.01243958509993287,
is3Mk5oC19g,1,1,0.0,0.17307692307692307,0.03989251182927367,Video-Video,0.12737972057840677,
ndAZjHqzzT8,4,5,0.12418300653594772,0.2647058823529412,0.14394431182462677,Video-Video,0.54180879295492,
s0eco-BofOs,0,0,0.0,0.0,0.01321585903083759,Video-Video,,
yLZS3JiEBg8,2,3,0.0,0.1875,0.08887576711017645,Video-Video,0.3732776939055218,
WIUZtitfLRw,2,2,0.026143790849673203,0.1875,0.06286782162965186,Video-Video,0.2551467526451083,
JkpVO1hx2f8,0,0,0.0,0.0,0.01321585903083759,Video-Video,,
3Nfp9h5avBI,0,0,0.0,0.0,0.01321585903083759,Video-Video,,
TT4qJ5FXHYE,0,0,0.0,0.0,0.01321585903083759,Video-Video,,
X_FAIef8qlE,0,0,0.0,0.0,0.01321585903083759,Video-Video,,
zweosulrwA8,0,0,0.0,0.0,0.01321585903083759,Video-Video,,
UhL9y3KUl8E,0,0,0.0,0.0,0.01321585903083759,Video-Video,,
